Park,Year,Front-country_pct,Backcountry_pct
Acadia,2002,5.662729054,0
Acadia,2003,5.727743677,0
Acadia,2004,5.501060535,0
Acadia,2005,5.123949297,0.056398198
Acadia,2006,5.689752485,0.062680338
Acadia,2007,5.533759447,0.049540738
Acadia,2008,5.887977833,0.059204464
Acadia,2009,5.736729126,0.046550295
Acadia,2010,5.994230511,0.038894533
Acadia,2011,6.12293627,0.048723072
Acadia,2012,6.221257299,0.054132943
Acadia,2013,6.376185074,0.051709106
Acadia,2014,6.23624484,0.047988221
Acadia,2015,5.943901217,0.043860523
Acadia,2016,6.067004441,0.040080003
Acadia,2017,5.985716122,0.045508027
Acadia,2018,5.775792739,0.041610425
Acadia,2019,5.811881816,0.037355053
Acadia,2020,0.011502289,0
Acadia,2021,3.687229946,0.039615659
Acadia,2022,4.7280027,0.037075658
Arches,2002,5.395025413,0.052230041
Arches,2003,5.315783848,0.044999809
Arches,2004,5.884350819,0.05155968
Arches,2005,5.938567426,0.060255607
Arches,2006,5.46714539,0.034331714
Arches,2007,5.127292977,0.032202525
Arches,2008,4.725908301,0.039405897
Arches,2009,4.712680365,0.081099093
Arches,2010,3.85388479,0.090989299
Arches,2011,4.122668286,0.114531908
Arches,2012,3.899205755,0.079489845
Arches,2013,3.891155508,0.088007196
Arches,2014,3.166955565,0.094258336
Arches,2015,3.124752099,0.086332149
Arches,2016,2.945290398,0.074035863
Arches,2017,0.146326123,0.004223445
Arches,2018,2.049524002,0.022121274
Arches,2019,2.037293442,0.024401971
Arches,2020,1.696412922,0.002746181
Arches,2021,1.607203637,0.017267477
Arches,2022,2.405021867,0.018621821
Badlands,2002,4.451544618,0.059412607
Badlands,2003,5.139868249,0.044085535
Badlands,2004,4.605728449,0.093907247
Badlands,2005,3.900803611,0.071935641
Badlands,2006,3.946945548,0.047255267
Badlands,2007,5.477785021,0.080076332
Badlands,2008,3.676569702,0.072481419
Badlands,2009,4.657154054,0.150976852
Badlands,2010,3.552237829,0.169568143
Badlands,2011,4.927642089,0.181224957
Badlands,2012,4.687425714,0.110821072
Badlands,2013,6.156513203,0.160135011
Badlands,2014,6.743163759,0.163461561
Badlands,2015,5.498638506,0.1460549
Badlands,2016,6.668921761,0.141528893
Badlands,2017,6.031536765,0.230763759
Badlands,2018,2.666456546,0.29000676
Badlands,2019,3.226783165,0.256746152
Badlands,2020,2.711433345,0.492293867
Badlands,2021,2.545036619,0.28867219
Badlands,2022,2.841055255,0.230331672
Big Bend,2002,40.55475718,9.280939261
Big Bend,2003,34.93296712,9.411173428
Big Bend,2004,33.89997288,8.308104315
Big Bend,2005,29.06471174,7.084848074
Big Bend,2006,37.41400724,7.588453285
Big Bend,2007,32.20969369,5.795711185
Big Bend,2008,30.83318621,5.325616807
Big Bend,2009,32.77311386,5.695717289
Big Bend,2010,32.35302017,6.099965085
Big Bend,2011,28.81623381,4.49176758
Big Bend,2012,36.67665337,5.357894917
Big Bend,2013,35.21310731,6.113840222
Big Bend,2014,39.77688776,7.871010054
Big Bend,2015,36.35208659,8.496464936
Big Bend,2016,39.12333565,10.76334698
Big Bend,2017,34.44748294,9.665527987
Big Bend,2018,34.1286234,5.421151535
Big Bend,2019,31.28115352,5.027682437
Big Bend,2020,20.19486833,7.163873706
Big Bend,2021,16.18027597,5.108564743
Big Bend,2022,13.30870811,10.73181264
Biscayne,2002,0,0
Biscayne,2003,0,0
Biscayne,2004,0,0
Biscayne,2005,0,0
Biscayne,2006,0.040733465,0
Biscayne,2007,0.386903266,0
Biscayne,2008,0.117627853,0
Biscayne,2009,0.213366229,0
Biscayne,2010,0.869096601,0
Biscayne,2011,0.95614785,0
Biscayne,2012,0.698528893,0
Biscayne,2013,0.500361509,0
Biscayne,2014,0.388781634,0
Biscayne,2015,0.366023567,0
Biscayne,2016,0.489985604,0
Biscayne,2017,0.548593725,0
Biscayne,2018,0.45156877,0
Biscayne,2019,0.033591053,0
Biscayne,2020,0.036000695,0
Biscayne,2021,0.317435574,0
Biscayne,2022,0.323384539,0
Black Canyon of the Gunnison,2002,5.853057512,1.084709852
Black Canyon of the Gunnison,2003,7.674876081,1.217959067
Black Canyon of the Gunnison,2004,7.737169739,1.014916193
Black Canyon of the Gunnison,2005,6.722377692,0.90424414
Black Canyon of the Gunnison,2006,6.876908694,1.139918978
Black Canyon of the Gunnison,2007,6.226545706,0.776496521
Black Canyon of the Gunnison,2008,7.841558198,0.785966227
Black Canyon of the Gunnison,2009,7.647666097,0.823558918
Black Canyon of the Gunnison,2010,8.650138366,0.649866171
Black Canyon of the Gunnison,2011,10.38815227,0.374845547
Black Canyon of the Gunnison,2012,9.885236537,0.345848263
Black Canyon of the Gunnison,2013,10.38088847,0.326979505
Black Canyon of the Gunnison,2014,9.316834658,0.213062362
Black Canyon of the Gunnison,2015,10.09198436,0.521117199
Black Canyon of the Gunnison,2016,13.00237797,0.813383862
Black Canyon of the Gunnison,2017,10.10994879,0.556092765
Black Canyon of the Gunnison,2018,10.3760333,0.675811265
Black Canyon of the Gunnison,2019,6.947261898,0.429972875
Black Canyon of the Gunnison,2020,8.707628359,0.708096716
Black Canyon of the Gunnison,2021,9.985108931,0.658767926
Black Canyon of the Gunnison,2022,9.351840327,0.566849561
Bryce Canyon,2002,14.48485847,0.217500192
Bryce Canyon,2003,13.64908825,0.219969904
Bryce Canyon,2004,13.22609301,0.14687218
Bryce Canyon,2005,12.10919728,0.152110534
Bryce Canyon,2006,14.10131181,0.144946086
Bryce Canyon,2007,13.4616809,0.141423299
Bryce Canyon,2008,12.12023912,0.124602112
Bryce Canyon,2009,12.01576485,0.149953509
Bryce Canyon,2010,11.12616804,0.149203573
Bryce Canyon,2011,10.06358025,0.13132716
Bryce Canyon,2012,10.24115171,0.123578701
Bryce Canyon,2013,10.23115769,0.126688899
Bryce Canyon,2014,9.759559698,0.100923495
Bryce Canyon,2015,8.419158164,0.118684572
Bryce Canyon,2016,6.67216324,0.113483094
Bryce Canyon,2017,5.809539586,0.093868454
Bryce Canyon,2018,4.891101924,0.097145787
Bryce Canyon,2019,4.096452123,0.053720677
Bryce Canyon,2020,6.162338571,0.11470278
Bryce Canyon,2021,6.134419842,0.098023377
Bryce Canyon,2022,5.584925212,0.070371094
Canyonlands,2002,6.652264641,16.98957715
Canyonlands,2003,6.415477562,16.54039164
Canyonlands,2004,6.461558328,17.56253598
Canyonlands,2005,5.940805479,17.72022543
Canyonlands,2006,5.885559833,15.15220221
Canyonlands,2007,5.080467478,15.50675352
Canyonlands,2008,5.286514088,15.75627125
Canyonlands,2009,5.022453185,14.34872009
Canyonlands,2010,4.989355552,14.07819999
Canyonlands,2011,5.043343542,12.78185967
Canyonlands,2012,4.88374044,12.92543139
Canyonlands,2013,4.561679813,13.12970262
Canyonlands,2014,4.369588021,14.2908499
Canyonlands,2015,3.483730876,11.72190033
Canyonlands,2016,2.808618197,11.10860609
Canyonlands,2017,2.975193696,11.07250586
Canyonlands,2018,3.210228156,10.59910825
Canyonlands,2019,2.305189674,10.58520755
Canyonlands,2020,2.02849079,12.10737092
Canyonlands,2021,1.893496447,9.923935436
Canyonlands,2022,1.983579479,10.30152205
Capitol Reef,2002,7.579625832,0.3131385
Capitol Reef,2003,6.238035563,0.228970139
Capitol Reef,2004,6.073406245,0.268688104
Capitol Reef,2005,5.777684892,0.280597178
Capitol Reef,2006,5.770941387,0.226388093
Capitol Reef,2007,5.778445758,0.204718989
Capitol Reef,2008,5.734849399,0.237264203
Capitol Reef,2009,5.222874622,0.235414965
Capitol Reef,2010,5.274340877,0.249297906
Capitol Reef,2011,4.964610053,0.224868951
Capitol Reef,2012,5.006200388,0.268807224
Capitol Reef,2013,4.938900357,0.29849172
Capitol Reef,2014,4.886372016,0.264585246
Capitol Reef,2015,4.147481108,0.275549425
Capitol Reef,2016,3.796022928,0.281339914
Capitol Reef,2017,3.387600909,0.331517652
Capitol Reef,2018,4.23296327,0.329741852
Capitol Reef,2019,4.048693905,0.326941531
Capitol Reef,2020,3.138716339,0.290406692
Capitol Reef,2021,3.642287738,0.319492683
Capitol Reef,2022,4.068562603,0.276391161
Carlsbad Caverns,2002,0,0.034015105
Carlsbad Caverns,2003,0,0.034962666
Carlsbad Caverns,2004,0,0.036940031
Carlsbad Caverns,2005,0,0.033108902
Carlsbad Caverns,2006,0,0.023320495
Carlsbad Caverns,2007,0,0.022707296
Carlsbad Caverns,2008,0,0.021479541
Carlsbad Caverns,2009,0,0.026349913
Carlsbad Caverns,2010,0,0.039671057
Carlsbad Caverns,2011,0,0.029315068
Carlsbad Caverns,2012,0,0.039626514
Carlsbad Caverns,2013,0,0.04529475
Carlsbad Caverns,2014,0,0.036747217
Carlsbad Caverns,2015,0,0.030288073
Carlsbad Caverns,2016,0,0.053773462
Carlsbad Caverns,2017,0,0.038844212
Carlsbad Caverns,2018,0,0.039492436
Carlsbad Caverns,2019,0,0.051056182
Carlsbad Caverns,2020,0,0.063100063
Carlsbad Caverns,2021,0,0.054689558
Carlsbad Caverns,2022,0,0.016882732
Channel Islands,2002,0,2.172542696
Channel Islands,2003,0,2.614354544
Channel Islands,2004,0,3.177513781
Channel Islands,2005,0,4.416883395
Channel Islands,2006,0,4.714648134
Channel Islands,2007,0,4.933676269
Channel Islands,2008,0,5.102400226
Channel Islands,2009,0,5.79133751
Channel Islands,2010,0,13.35819685
Channel Islands,2011,0,9.404916871
Channel Islands,2012,0,7.926873242
Channel Islands,2013,0,9.447764221
Channel Islands,2014,0,6.741855442
Channel Islands,2015,0,7.181296488
Channel Islands,2016,0,6.273180065
Channel Islands,2017,0,5.977267929
Channel Islands,2018,0,5.860204778
Channel Islands,2019,0,5.715157581
Channel Islands,2020,0,5.537689043
Channel Islands,2021,0,7.683272149
Channel Islands,2022,0,8.727126483
Congaree,2002,0,0.432001574
Congaree,2003,0,0.197919973
Congaree,2004,0,0.37783076
Congaree,2005,0,0.581250519
Congaree,2006,0,0.511768436
Congaree,2007,0,0.688168692
Congaree,2008,0,1.033237063
Congaree,2009,0,0.700170773
Congaree,2010,0,0.968582932
Congaree,2011,0,0.978646206
Congaree,2012,0,0.790445366
Congaree,2013,0,0.481136779
Congaree,2014,0,0.382944007
Congaree,2015,0,0.442220013
Congaree,2016,0,0.198827889
Congaree,2017,0,0.892258529
Congaree,2018,0,0.701025841
Congaree,2019,0,0.552541629
Congaree,2020,0,0.606842908
Congaree,2021,0,0.658050664
Congaree,2022,2.9605617,0.393600688
Crater Lake,2002,16.817704,0.320616705
Crater Lake,2003,14.79121755,0.313032808
Crater Lake,2004,17.1862487,0.438779474
Crater Lake,2005,11.91463196,0.255343887
Crater Lake,2006,15.63043098,0.281511266
Crater Lake,2007,14.85271602,0.307490223
Crater Lake,2008,16.19275126,0.324523799
Crater Lake,2009,17.51359414,0.414766772
Crater Lake,2010,17.5437579,0.404845657
Crater Lake,2011,18.21008568,0.454490722
Crater Lake,2012,18.84601711,0.461933009
Crater Lake,2013,17.40369044,0.577790439
Crater Lake,2014,16.31348178,0.546957282
Crater Lake,2015,15.90549721,0.529190906
Crater Lake,2016,12.28435738,0.622203653
Crater Lake,2017,10.0198244,0.400562558
Crater Lake,2018,11.57621011,0.358560706
Crater Lake,2019,7.350903888,0.345771257
Crater Lake,2020,6.286204325,0.467561521
Crater Lake,2021,8.795972526,0.351832726
Crater Lake,2022,10.5333432,0.301180255
Cuyahoga Valley,2002,0.158983945,0
Cuyahoga Valley,2003,0.095881672,0
Cuyahoga Valley,2004,0.08444804,0
Cuyahoga Valley,2005,0.12076594,0
Cuyahoga Valley,2006,0.102437768,0
Cuyahoga Valley,2007,0.077292557,0
Cuyahoga Valley,2008,0.0664726,0
Cuyahoga Valley,2009,0.067470285,0
Cuyahoga Valley,2010,0.076664781,0
Cuyahoga Valley,2011,0.186934483,0
Cuyahoga Valley,2012,0.257205001,0
Cuyahoga Valley,2013,0.29181982,0
Cuyahoga Valley,2014,0.302851932,0
Cuyahoga Valley,2015,0.321761419,0
Cuyahoga Valley,2016,0.321739382,0
Cuyahoga Valley,2017,0.344428233,0
Cuyahoga Valley,2018,0.41062893,0
Cuyahoga Valley,2019,0.347498232,0
Cuyahoga Valley,2020,0.077695538,0
Cuyahoga Valley,2021,0.209298036,0
Cuyahoga Valley,2022,0.226065729,0
Death Valley,2002,20.77983859,0
Death Valley,2003,28.64074126,0
Death Valley,2004,23.34836955,0
Death Valley,2005,31.27145791,0
Death Valley,2006,28.29737789,0
Death Valley,2007,27.98960976,0
Death Valley,2008,22.49276898,0
Death Valley,2009,25.36671438,0
Death Valley,2010,22.33982382,0
Death Valley,2011,23.46612565,0
Death Valley,2012,18.40065897,0
Death Valley,2013,15.72735333,0
Death Valley,2014,14.91711704,0
Death Valley,2015,18.53637248,0
Death Valley,2016,18.68133733,0
Death Valley,2017,17.54064443,0
Death Valley,2018,12.64651567,0.088463417
Death Valley,2019,11.72949174,0.109997731
Death Valley,2020,19.12214657,0.204140616
Death Valley,2021,17.11419728,0.338580665
Death Valley,2022,17.99874564,0.290823856
Denali,2002,8.897168645,7.74567588
Denali,2003,17.37143555,9.209054135
Denali,2004,21.21335062,8.414886354
Denali,2005,20.43294013,7.64100912
Denali,2006,16.66991237,6.881604097
Denali,2007,13.59456959,6.746336525
Denali,2008,13.9717193,7.314444067
Denali,2009,16.41627635,8.338430515
Denali,2010,17.43569439,10.19519341
Denali,2011,16.52188242,9.816961892
Denali,2012,17.36824626,10.73158048
Denali,2013,13.26032826,7.131367696
Denali,2014,13.41689958,7.235444134
Denali,2015,15.80096191,6.38155208
Denali,2016,12.17646218,8.394278632
Denali,2017,4.238895224,5.116138697
Denali,2018,4.639121515,3.993542529
Denali,2019,4.388573938,4.360128553
Denali,2020,23.3928897,9.721057429
Denali,2021,9.35731371,15.53060504
Denali,2022,4.648916414,7.796530094
Dry Tortugas,2002,4.621648111,0
Dry Tortugas,2003,0.013379537,0
Dry Tortugas,2004,6.884874185,0
Dry Tortugas,2005,6.981300089,0
Dry Tortugas,2006,4.759676866,0
Dry Tortugas,2007,3.570079645,0
Dry Tortugas,2008,6.439707883,0
Dry Tortugas,2009,6.525542674,0
Dry Tortugas,2010,6.238634255,0
Dry Tortugas,2011,5.084407551,0
Dry Tortugas,2012,4.924855491,0
Dry Tortugas,2013,4.856081231,0
Dry Tortugas,2014,6.841902413,0
Dry Tortugas,2015,6.415286049,0
Dry Tortugas,2016,8.055823299,0
Dry Tortugas,2017,9.841380962,0
Dry Tortugas,2018,8.678049639,0
Dry Tortugas,2019,8.568181818,0
Dry Tortugas,2020,8.145355664,0
Dry Tortugas,2021,7.843277617,0
Dry Tortugas,2022,6.783202528,0
Everglades,2002,8.738075506,2.373494312
Everglades,2003,7.96263482,2.160672965
Everglades,2004,6.678178871,1.586652615
Everglades,2005,5.320151689,1.251056663
Everglades,2006,2.657695525,1.007314297
Everglades,2007,2.953392559,1.123502462
Everglades,2008,4.042971933,2.078777013
Everglades,2009,2.220046577,1.449912419
Everglades,2010,2.169544028,1.418947111
Everglades,2011,1.82715061,1.235724048
Everglades,2012,1.86871774,0.740516295
Everglades,2013,1.826827209,0.614736094
Everglades,2014,1.932395416,0.528850006
Everglades,2015,1.961989072,1.481399668
Everglades,2016,2.063471432,1.367053852
Everglades,2017,1.313132206,1.707611847
Everglades,2018,1.413441764,0.73535815
Everglades,2019,2.405526245,1.138513816
Everglades,2020,6.987992636,2.016035448
Everglades,2021,4.102618535,2.843450479
Everglades,2022,5.592745108,1.065189973
Gates of the Arctic,2002,0,39.9368231
Gates of the Arctic,2003,0,84.591133
Gates of the Arctic,2004,0,51.9840498
Gates of the Arctic,2005,0,46.33682207
Gates of the Arctic,2006,0,60.50891605
Gates of the Arctic,2007,0,49.90860903
Gates of the Arctic,2008,0,55.04957445
Gates of the Arctic,2009,0,46.4962406
Gates of the Arctic,2010,0,66.1900369
Gates of the Arctic,2011,0,56.57747569
Gates of the Arctic,2012,0,52.37177723
Gates of the Arctic,2013,0,69.43334544
Gates of the Arctic,2014,0,48.66998185
Gates of the Arctic,2015,0,88.16193578
Gates of the Arctic,2016,0,79.33711556
Gates of the Arctic,2017,0,56.85783305
Gates of the Arctic,2018,0,78.83432385
Gates of the Arctic,2019,0,38.58147937
Gates of the Arctic,2020,0,37.81337047
Gates of the Arctic,2021,0,22.16788916
Gates of the Arctic,2022,0,42.47647245
Gateway Arch,2002,0,0
Gateway Arch,2003,0,0
Gateway Arch,2004,0,0
Gateway Arch,2005,0,0
Gateway Arch,2006,0,0
Gateway Arch,2007,0,0
Gateway Arch,2008,0,0
Gateway Arch,2009,0,0
Gateway Arch,2010,0,0
Gateway Arch,2011,0,0
Gateway Arch,2012,0,0
Gateway Arch,2013,0,0
Gateway Arch,2014,0,0
Gateway Arch,2015,0,0
Gateway Arch,2016,0,0
Gateway Arch,2017,0,0
Gateway Arch,2018,0,0
Gateway Arch,2019,0,0
Gateway Arch,2020,0,0
Gateway Arch,2021,0,0
Gateway Arch,2022,0,0
Glacier Bay,2002,2.004444521,0
Glacier Bay,2003,4.166041073,2.133386475
Glacier Bay,2004,1.666449902,2.45160962
Glacier Bay,2005,1.430123753,1.286722304
Glacier Bay,2006,1.274124176,1.130673324
Glacier Bay,2007,2.624534756,1.186642964
Glacier Bay,2008,0.986605747,1.40554915
Glacier Bay,2009,1.715709199,1.035904198
Glacier Bay,2010,0.84898657,1.377184892
Glacier Bay,2011,3.350803035,1.096331826
Glacier Bay,2012,2.68589175,1.184363149
Glacier Bay,2013,2.446513115,0.80265287
Glacier Bay,2014,2.492975214,1.258769749
Glacier Bay,2015,2.157601391,1.13430053
Glacier Bay,2016,2.292323101,1.184418201
Glacier Bay,2017,2.422599473,1.094218701
Glacier Bay,2018,2.217372034,0.976727461
Glacier Bay,2019,2.254470031,0.626555788
Glacier Bay,2020,1.635351427,17.20598469
Glacier Bay,2021,21.5978968,3.837670439
Glacier Bay,2022,2.982640658,0.685468651
Glacier,2002,15.47639725,1.420798462
Glacier,2003,12.55746536,1.379649361
Glacier,2004,13.91565012,1.358943485
Glacier,2005,15.70187746,1.403822449
Glacier,2006,15.44981442,1.323661843
Glacier,2007,14.19626953,1.343666795
Glacier,2008,16.48592637,1.485984446
Glacier,2009,16.60262053,2.011226043
Glacier,2010,15.43161786,1.394515029
Glacier,2011,16.1789396,1.387327333
Glacier,2012,15.47394006,1.231894951
Glacier,2013,15.95257248,1.330001178
Glacier,2014,14.19850436,1.277256462
Glacier,2015,13.50103294,1.386146397
Glacier,2016,12.32172739,1.303873748
Glacier,2017,10.54384313,1.028917759
Glacier,2018,11.03524118,1.090914977
Glacier,2019,11.94292551,1.139699505
Glacier,2020,4.143769013,0.976888085
Glacier,2021,7.168613239,1.088635461
Glacier,2022,10.77158412,0.971683277
Grand Canyon,2002,21.77857727,6.040469029
Grand Canyon,2003,21.81589857,5.921864772
Grand Canyon,2004,21.4364965,5.908533843
Grand Canyon,2005,20.50324865,5.415876599
Grand Canyon,2006,21.37228735,5.711332724
Grand Canyon,2007,22.04456701,6.404265115
Grand Canyon,2008,21.27055843,7.102411264
Grand Canyon,2009,21.87136908,6.351096625
Grand Canyon,2010,21.03588882,6.743914505
Grand Canyon,2011,23.96378186,6.789690888
Grand Canyon,2012,21.85202626,6.794708949
Grand Canyon,2013,17.6076489,5.145372017
Grand Canyon,2014,17.60852057,5.660058052
Grand Canyon,2015,15.83133118,5.322949694
Grand Canyon,2016,15.40735544,5.539589109
Grand Canyon,2017,14.45816421,4.996659865
Grand Canyon,2018,14.25931687,5.294103357
Grand Canyon,2019,13.50921455,5.356712151
Grand Canyon,2020,9.453149324,6.129892741
Grand Canyon,2021,13.39199771,7.331098157
Grand Canyon,2022,15.05570147,7.007944251
Grand Teton,2002,18.94853804,1.223863013
Grand Teton,2003,21.03495659,0.549689624
Grand Teton,2004,19.15070203,1.175746376
Grand Teton,2005,18.57498573,0.910271076
Grand Teton,2006,21.75749935,1.1160718
Grand Teton,2007,21.38621496,1.155307903
Grand Teton,2008,21.04946647,1.10704521
Grand Teton,2009,20.09661712,1.191086636
Grand Teton,2010,18.1308052,1.146223796
Grand Teton,2011,17.53097757,1.090499981
Grand Teton,2012,17.1283605,1.116862877
Grand Teton,2013,18.3452135,1.121580902
Grand Teton,2014,18.5956684,1.057680183
Grand Teton,2015,18.93088747,1.072979291
Grand Teton,2016,15.0963158,1.107191392
Grand Teton,2017,18.065511,1.211727465
Grand Teton,2018,11.65541107,1.11146725
Grand Teton,2019,15.47709165,1.065652185
Grand Teton,2020,11.19779745,1.223508483
Grand Teton,2021,15.18023386,1.143690335
Grand Teton,2022,21.35671328,1.42575982
Great Basin,2002,40.81047367,0.233162736
Great Basin,2003,36.69731096,0.170075845
Great Basin,2004,29.31684172,0.444422189
Great Basin,2005,35.30183558,0.245687604
Great Basin,2006,31.68076002,0.387142784
Great Basin,2007,32.0965046,0.51619881
Great Basin,2008,33.0685347,0.566187622
Great Basin,2009,30.72939958,0.523689599
Great Basin,2010,34.02610555,0.689771576
Great Basin,2011,35.36976086,0.737006703
Great Basin,2012,34.38165525,0.672641012
Great Basin,2013,34.01548018,0.743866599
Great Basin,2014,32.33450514,0.988598107
Great Basin,2015,32.00485692,0.875795493
Great Basin,2016,28.64490562,0.736644436
Great Basin,2017,24.73516319,0.239840979
Great Basin,2018,34.03529857,0.18289417
Great Basin,2019,29.24690065,0.036418264
Great Basin,2020,29.76515202,0.198755904
Great Basin,2021,33.53580673,0.173943054
Great Basin,2022,33.44052352,0.222355135
Great Sand Dunes,2002,13.97800457,0.626128735
Great Sand Dunes,2003,14.55156638,0.844157136
Great Sand Dunes,2004,13.80967351,0.676636577
Great Sand Dunes,2005,13.7501833,0.645232824
Great Sand Dunes,2006,13.23706797,0.638289647
Great Sand Dunes,2007,13.90181712,0.809831615
Great Sand Dunes,2008,14.05899169,0.773631541
Great Sand Dunes,2009,14.66641375,0.812194996
Great Sand Dunes,2010,14.45581113,0.766368732
Great Sand Dunes,2011,13.95710888,0.785908633
Great Sand Dunes,2012,12.63811775,1.026017575
Great Sand Dunes,2013,10.40804477,0.947121779
Great Sand Dunes,2014,15.10850928,1.252879231
Great Sand Dunes,2015,14.61105194,1.253367967
Great Sand Dunes,2016,12.43574688,1.160934104
Great Sand Dunes,2017,8.574861121,0.885744504
Great Sand Dunes,2018,11.17553426,1.010374685
Great Sand Dunes,2019,9.713465745,0.935084334
Great Sand Dunes,2020,7.520171949,1.063848227
Great Sand Dunes,2021,9.981032603,2.151629653
Great Sand Dunes,2022,11.53886687,2.082168016
Great Smoky Mountains,2002,3.164810088,0.835256461
Great Smoky Mountains,2003,3.119449505,0.780668411
Great Smoky Mountains,2004,2.934805825,0.804915782
Great Smoky Mountains,2005,2.887578615,0.761329074
Great Smoky Mountains,2006,2.892009712,0.755639739
Great Smoky Mountains,2007,3.281590883,0.74917952
Great Smoky Mountains,2008,3.013718472,0.789262727
Great Smoky Mountains,2009,3.160227477,0.8342467
Great Smoky Mountains,2010,3.114818158,0.839855031
Great Smoky Mountains,2011,2.942335464,1.003948348
Great Smoky Mountains,2012,2.91004518,0.869682915
Great Smoky Mountains,2013,2.596920584,0.752638114
Great Smoky Mountains,2014,2.730136299,0.85306115
Great Smoky Mountains,2015,2.812995149,0.91134109
Great Smoky Mountains,2016,2.773384028,0.966596557
Great Smoky Mountains,2017,2.484554709,0.920301479
Great Smoky Mountains,2018,2.425130459,0.854489896
Great Smoky Mountains,2019,2.23071193,0.75367339
Great Smoky Mountains,2020,2.216825456,0.743171965
Great Smoky Mountains,2021,2.495009726,0.759669776
Great Smoky Mountains,2022,2.954968656,0.747911152
Guadalupe Mountains,2002,7.56686429,1.438561734
Guadalupe Mountains,2003,8.000794014,1.54115915
Guadalupe Mountains,2004,6.941009372,1.241013211
Guadalupe Mountains,2005,7.11632029,1.194367983
Guadalupe Mountains,2006,7.720045706,1.428021842
Guadalupe Mountains,2007,7.906244322,1.123493429
Guadalupe Mountains,2008,8.6323904,1.575356272
Guadalupe Mountains,2009,7.541657867,1.209259762
Guadalupe Mountains,2010,7.015243744,1.29753915
Guadalupe Mountains,2011,6.862192388,1.465131829
Guadalupe Mountains,2012,8.27811245,1.09312249
Guadalupe Mountains,2013,8.092949818,2.485755475
Guadalupe Mountains,2014,7.665939545,1.910492126
Guadalupe Mountains,2015,8.252573215,1.4787507
Guadalupe Mountains,2016,9.298335341,1.624513993
Guadalupe Mountains,2017,8.560444293,1.729579991
Guadalupe Mountains,2018,9.939250466,2.03600875
Guadalupe Mountains,2019,9.004782003,1.502915274
Guadalupe Mountains,2020,7.125006611,1.133839319
Guadalupe Mountains,2021,9.297096892,1.05717022
Guadalupe Mountains,2022,12.14662685,0.73413429
Haleakala,2002,1.107699792,0.123399164
Haleakala,2003,0.759897776,0.108121728
Haleakala,2004,0.59231441,0.097287693
Haleakala,2005,0.749314598,0.09459673
Haleakala,2006,0.851291804,0.092842698
Haleakala,2007,1.07104762,0.114981891
Haleakala,2008,1.209044544,0.124887348
Haleakala,2009,1.004504537,0.150662156
Haleakala,2010,1.45730034,0.113964649
Haleakala,2011,1.662297059,0.163220267
Haleakala,2012,1.420065262,0.144975463
Haleakala,2013,1.024449255,0.079969438
Haleakala,2014,0.692357536,0.120398585
Haleakala,2015,0.64893012,0.181217188
Haleakala,2016,0.659407799,0.189306704
Haleakala,2017,0.646445941,0.258632314
Haleakala,2018,0.689695465,0.275456764
Haleakala,2019,0.912213871,0.162511037
Haleakala,2020,0.752004562,0.122827412
Haleakala,2021,0.365690281,0.557794888
Haleakala,2022,1.89533806,0.515255384
Hawaii Volcanoes,2002,3.599466426,0.3752482
Hawaii Volcanoes,2003,3.963211477,0.506982479
Hawaii Volcanoes,2004,3.234839463,0.387795235
Hawaii Volcanoes,2005,2.629611437,0.267758892
Hawaii Volcanoes,2006,3.254093978,0.33152509
Hawaii Volcanoes,2007,3.043373696,0.287168572
Hawaii Volcanoes,2008,2.805032199,0.372204531
Hawaii Volcanoes,2009,2.80324871,0.424619152
Hawaii Volcanoes,2010,0.669672798,0.344992247
Hawaii Volcanoes,2011,0.70762793,0.31321115
Hawaii Volcanoes,2012,0.77780054,0.300957998
Hawaii Volcanoes,2013,1.760601411,0.294338903
Hawaii Volcanoes,2014,2.13183068,0.272946624
Hawaii Volcanoes,2015,1.952899065,0.267534622
Hawaii Volcanoes,2016,1.945877791,0.274319499
Hawaii Volcanoes,2017,2.185201383,0.235780993
Hawaii Volcanoes,2018,1.52145554,0.19205097
Hawaii Volcanoes,2019,2.13384333,0.267324186
Hawaii Volcanoes,2020,1.429019541,0.687041668
Hawaii Volcanoes,2021,2.487038179,0.409741619
Hawaii Volcanoes,2022,2.699560584,0.307660973
Hot Springs,2002,0.420767004,0
Hot Springs,2003,0.403827296,0
Hot Springs,2004,0.416074884,0
Hot Springs,2005,0.45890043,0
Hot Springs,2006,0.482937769,0
Hot Springs,2007,0.483405017,0
Hot Springs,2008,0.522070481,0
Hot Springs,2009,0.748419679,0
Hot Springs,2010,0.945947079,0
Hot Springs,2011,0.998529026,0
Hot Springs,2012,0.76683007,0
Hot Springs,2013,1.13900457,0
Hot Springs,2014,1.376358036,0
Hot Springs,2015,1.702767385,0
Hot Springs,2016,1.555462022,0
Hot Springs,2017,1.537509862,0
Hot Springs,2018,1.589037532,0
Hot Springs,2019,1.752100837,0
Hot Springs,2020,2.255352447,0
Hot Springs,2021,1.509466065,0
Hot Springs,2022,1.374609666,0
Indiana Dunes,2002,1.221342743,0
Indiana Dunes,2003,1.172951022,0
Indiana Dunes,2004,1.639314379,0
Indiana Dunes,2005,1.109979806,0
Indiana Dunes,2006,1.049412527,0
Indiana Dunes,2007,1.079781215,0
Indiana Dunes,2008,1.254583889,0
Indiana Dunes,2009,1.17923364,0
Indiana Dunes,2010,1.090057642,0
Indiana Dunes,2011,1.240034708,0
Indiana Dunes,2012,1.043092949,0
Indiana Dunes,2013,1.074213814,0
Indiana Dunes,2014,0.98482527,0
Indiana Dunes,2015,1.148339069,0
Indiana Dunes,2016,1.207497484,0
Indiana Dunes,2017,1.156698422,0
Indiana Dunes,2018,1.019657999,0
Indiana Dunes,2019,1.067523784,0
Indiana Dunes,2020,1.017702627,0
Indiana Dunes,2021,0.92505689,0
Indiana Dunes,2022,1.181964448,0
Isle Royale,2002,66.32071109,207.5168268
Isle Royale,2003,70.68539326,225.1067416
Isle Royale,2004,70.20143552,212.4681639
Isle Royale,2005,77.30198873,212.0301184
Isle Royale,2006,78.40070299,207.6098418
Isle Royale,2007,78.84555187,221.6239905
Isle Royale,2008,82.3122952,230.0113976
Isle Royale,2009,73.8824814,196.9835529
Isle Royale,2010,77.38871652,216.0197556
Isle Royale,2011,73.20035238,215.3347596
Isle Royale,2012,72.07585669,202.8926364
Isle Royale,2013,72.60661177,198.740322
Isle Royale,2014,92.27335165,203.7225275
Isle Royale,2015,66.88610576,160.9505459
Isle Royale,2016,53.90931667,90.53913322
Isle Royale,2017,54.64250248,76.93644489
Isle Royale,2018,57.96185751,95.96867974
Isle Royale,2019,65.8159788,101.8515714
Isle Royale,2020,32.1269059,123.5792392
Isle Royale,2021,57.87416809,124.3151215
Isle Royale,2022,68.8968335,108.5055394
Joshua Tree,2002,18.9296116,0.587164029
Joshua Tree,2003,18.35553311,0.419528327
Joshua Tree,2004,14.57746858,0.595581265
Joshua Tree,2005,15.26480408,0.427238237
Joshua Tree,2006,15.10035251,0.437512585
Joshua Tree,2007,15.17037612,0.364824989
Joshua Tree,2008,11.93504093,0.277569112
Joshua Tree,2009,15.12314187,0.428679518
Joshua Tree,2010,14.55466851,0.560357804
Joshua Tree,2011,14.68747784,0.620525025
Joshua Tree,2012,16.18360066,0.715054684
Joshua Tree,2013,16.46840256,0.715586913
Joshua Tree,2014,16.02373477,0.666958508
Joshua Tree,2015,14.6679067,0.698060378
Joshua Tree,2016,11.90973805,0.846011194
Joshua Tree,2017,11.51236377,0.686496691
Joshua Tree,2018,10.05012266,0.660587239
Joshua Tree,2019,10.38939659,0.608456216
Joshua Tree,2020,9.751569258,0.371529233
Joshua Tree,2021,8.939368229,0.486751077
Joshua Tree,2022,10.10190649,0.411700118
Katmai,2002,10.76662431,35.89326557
Katmai,2003,11.27759794,0.668747214
Katmai,2004,11.30540441,0.556465388
Katmai,2005,13.07624277,1.203154365
Katmai,2006,10.15445141,0.671717908
Katmai,2007,6.847060532,0.597816879
Katmai,2008,14.50439147,0
Katmai,2009,10.13361218,0.889973278
Katmai,2010,11.26295947,0.875444066
Katmai,2011,16.01789983,0.817344041
Katmai,2012,19.50374203,6.916469938
Katmai,2013,24.50113927,1.667472209
Katmai,2014,19.78896945,1.563309166
Katmai,2015,16.69575334,1.277169602
Katmai,2016,16.69575334,1.277169602
Katmai,2017,16.69575334,1.277169602
Katmai,2018,16.69575334,1.277169602
Katmai,2019,8.112443119,0.544156261
Katmai,2020,1.269631729,39.40517559
Katmai,2021,28.92101438,14.0970764
Katmai,2022,31.4940427,15.89890291
Kenai Fjords,2002,0.430502107,1.073872414
Kenai Fjords,2003,0.081241101,0.979406612
Kenai Fjords,2004,0.511808444,0.75338203
Kenai Fjords,2005,0.665125805,0.572596662
Kenai Fjords,2006,0.491197393,0.650558359
Kenai Fjords,2007,0.512993493,0.068516254
Kenai Fjords,2008,0.543003049,0.071273743
Kenai Fjords,2009,0.524826203,0.436439242
Kenai Fjords,2010,0.431457412,0.568556029
Kenai Fjords,2011,0.360384256,0.155974306
Kenai Fjords,2012,0.350541633,0.182736713
Kenai Fjords,2013,0.289945044,0.098412004
Kenai Fjords,2014,0.417488713,0.159606304
Kenai Fjords,2015,0.483321368,0.215708282
Kenai Fjords,2016,0.436897967,0.186994638
Kenai Fjords,2017,0.38735433,0.222004098
Kenai Fjords,2018,0.335825072,0.210201619
Kenai Fjords,2019,0.301737797,0.158720811
Kenai Fjords,2020,0,0.105279508
Kenai Fjords,2021,0.168535779,0.007771102
Kenai Fjords,2022,0.142584942,0.017951342
Kings Canyon,2002,25.45432877,9.989365993
Kings Canyon,2003,25.20940238,11.57742897
Kings Canyon,2004,23.35596675,2.857333321
Kings Canyon,2005,23.20400475,2.150470757
Kings Canyon,2006,22.23164956,2.839718796
Kings Canyon,2007,24.4866228,2.027135344
Kings Canyon,2008,26.14904239,2.466644633
Kings Canyon,2009,24.71803524,2.348448045
Kings Canyon,2010,27.19385495,2.541436464
Kings Canyon,2011,26.88625818,1.97350082
Kings Canyon,2012,23.65147124,2.050816113
Kings Canyon,2013,26.50279097,2.343959235
Kings Canyon,2014,31.50867664,3.106508876
Kings Canyon,2015,31.07116764,2.299692805
Kings Canyon,2016,31.81262233,1.982949205
Kings Canyon,2017,31.385908,3.700940352
Kings Canyon,2018,30.54649132,3.415624379
Kings Canyon,2019,30.58391736,2.475834902
Kings Canyon,2020,8.10331577,2.609395365
Kings Canyon,2021,35.53732515,2.18451
Kings Canyon,2022,28.29125753,2.152621118
Kobuk Valley,2002,0,1.235788433
Kobuk Valley,2003,0,0.873689466
Kobuk Valley,2004,0,0
Kobuk Valley,2005,0,2.938256899
Kobuk Valley,2006,0,16.93843594
Kobuk Valley,2007,0,34.47461629
Kobuk Valley,2008,0,21.34185304
Kobuk Valley,2009,0,43.53379457
Kobuk Valley,2010,0,15.89759798
Kobuk Valley,2011,0,42.62951676
Kobuk Valley,2012,0,28.42639594
Kobuk Valley,2013,0,35.11111111
Kobuk Valley,2014,#DIV/0!,#DIV/0!
Kobuk Valley,2015,#DIV/0!,#DIV/0!
Kobuk Valley,2016,0,45.48387097
Kobuk Valley,2017,0,45.48387097
Kobuk Valley,2018,0,47.19823258
Kobuk Valley,2019,0,44.7164785
Kobuk Valley,2020,0,43.70138578
Kobuk Valley,2021,0,44.74870017
Kobuk Valley,2022,0,43.42688331
Lake Clark,2002,0,54.33526012
Lake Clark,2003,0,43.72918979
Lake Clark,2004,0,40.76640848
Lake Clark,2005,0,36.24260355
Lake Clark,2006,0,31.29699248
Lake Clark,2007,0,26.61740854
Lake Clark,2008,0,34.48985592
Lake Clark,2009,0,34.19833179
Lake Clark,2010,0,51.84774947
Lake Clark,2011,0,37.43699108
Lake Clark,2012,0,27.81166767
Lake Clark,2013,0,18.27692308
Lake Clark,2014,0,13.50310559
Lake Clark,2015,0,12.15624649
Lake Clark,2016,0,30.73642309
Lake Clark,2017,0,31.63260822
Lake Clark,2018,0,49.713378
Lake Clark,2019,0,3.998368013
Lake Clark,2020,0,61.60064673
Lake Clark,2021,0,33.12178575
Lake Clark,2022,0,29.807005
Lassen Volcanic,2002,18.76959621,2.263563735
Lassen Volcanic,2003,17.18416159,1.518111498
Lassen Volcanic,2004,18.37478633,1.431254231
Lassen Volcanic,2005,17.36577893,1.500540304
Lassen Volcanic,2006,15.94943677,1.307554387
Lassen Volcanic,2007,16.16399659,1.370182024
Lassen Volcanic,2008,16.82924309,1.519234897
Lassen Volcanic,2009,22.33076887,1.58571706
Lassen Volcanic,2010,22.00691682,1.561744286
Lassen Volcanic,2011,21.2498114,1.737699598
Lassen Volcanic,2012,18.31901151,1.023664734
Lassen Volcanic,2013,19.92798467,1.381580641
Lassen Volcanic,2014,20.62280444,1.362197068
Lassen Volcanic,2015,23.1631816,1.959016604
Lassen Volcanic,2016,17.45245006,1.689524463
Lassen Volcanic,2017,18.15197849,1.325563424
Lassen Volcanic,2018,18.27865488,1.465656191
Lassen Volcanic,2019,18.26032466,1.292939217
Lassen Volcanic,2020,20.09187237,0.956527512
Lassen Volcanic,2021,17.9846233,0.843633128
Lassen Volcanic,2022,20.1171433,0.202334351
Mammoth Cave,2002,4.053070178,0.270976632
Mammoth Cave,2003,3.750875404,0.325551311
Mammoth Cave,2004,3.740996374,0.319022681
Mammoth Cave,2005,3.39519682,0.29243783
Mammoth Cave,2006,9.828509501,1.058478026
Mammoth Cave,2007,15.85495737,1.292209191
Mammoth Cave,2008,16.05001636,1.173533196
Mammoth Cave,2009,16.08991458,1.13861897
Mammoth Cave,2010,15.22590377,1.001759767
Mammoth Cave,2011,14.20780065,1.058100344
Mammoth Cave,2012,14.53506911,1.05264401
Mammoth Cave,2013,13.98043843,1.146315472
Mammoth Cave,2014,14.66090604,0.907720214
Mammoth Cave,2015,13.29840623,0.88834793
Mammoth Cave,2016,12.31837603,0.867498474
Mammoth Cave,2017,11.8265961,0.638424912
Mammoth Cave,2018,12.37701751,1.474289487
Mammoth Cave,2019,13.72323646,0.576877753
Mammoth Cave,2020,12.356401,1.0640789
Mammoth Cave,2021,14.26865255,0.875965054
Mammoth Cave,2022,11.64719135,0.724123007
Mesa Verde,2002,17.68495392,0
Mesa Verde,2003,17.99676235,0
Mesa Verde,2004,19.23050238,0
Mesa Verde,2005,15.75593027,0
Mesa Verde,2006,15.85900712,0
Mesa Verde,2007,15.31430303,0
Mesa Verde,2008,16.54051349,0
Mesa Verde,2009,16.21034309,0
Mesa Verde,2010,16.99105969,0
Mesa Verde,2011,12.34831714,0
Mesa Verde,2012,13.0159964,0
Mesa Verde,2013,11.71526844,0
Mesa Verde,2014,14.08816041,0
Mesa Verde,2015,14.28365231,0
Mesa Verde,2016,14.36060371,0
Mesa Verde,2017,11.16167146,0
Mesa Verde,2018,14.11983955,0
Mesa Verde,2019,14.60258215,0
Mesa Verde,2020,11.19846109,0
Mesa Verde,2021,11.96659112,0
Mesa Verde,2022,14.11152684,0
Mount Rainier,2002,10.2934241,3.812223842
Mount Rainier,2003,10.72134454,5.07861918
Mount Rainier,2004,10.20086225,5.237281872
Mount Rainier,2005,10.90760092,3.727669463
Mount Rainier,2006,8.821920957,2.650590292
Mount Rainier,2007,6.9329999,2.340684461
Mount Rainier,2008,9.380456265,3.402259404
Mount Rainier,2009,10.48309649,3.740967339
Mount Rainier,2010,10.44619947,3.417735539
Mount Rainier,2011,11.07954026,3.843757013
Mount Rainier,2012,11.88501856,4.342923698
Mount Rainier,2013,10.63687147,4.002866218
Mount Rainier,2014,10.24560632,3.850397743
Mount Rainier,2015,11.00602879,3.580253
Mount Rainier,2016,9.983617225,4.247582564
Mount Rainier,2017,9.458444896,3.908064811
Mount Rainier,2018,9.009668151,4.234071852
Mount Rainier,2019,9.922876678,3.176766974
Mount Rainier,2020,4.995545999,2.669213287
Mount Rainier,2021,6.457241433,3.494778341
Mount Rainier,2022,7.731101242,2.679248888
National Park of American Samoa,2002,0,0
National Park of American Samoa,2003,#DIV/0!,#DIV/0!
National Park of American Samoa,2006,0,0
National Park of American Samoa,2007,0,0
National Park of American Samoa,2008,0,0
National Park of American Samoa,2009,0,0
National Park of American Samoa,2010,0,0
National Park of American Samoa,2011,0,0
National Park of American Samoa,2012,0,0
National Park of American Samoa,2013,0,0
National Park of American Samoa,2014,0,0
National Park of American Samoa,2015,0,0
National Park of American Samoa,2016,0,0
National Park of American Samoa,2017,0,0
National Park of American Samoa,2018,0,0
National Park of American Samoa,2019,0,0
National Park of American Samoa,2020,0,0
National Park of American Samoa,2021,0,0
National Park of American Samoa,2022,0,0
New River Gorge,2002,1.608882492,0
New River Gorge,2003,0.937665367,0
New River Gorge,2004,0.959643405,0
New River Gorge,2005,0.919570784,0
New River Gorge,2006,0.938927062,0
New River Gorge,2007,0.909413486,0
New River Gorge,2008,0.861933918,0
New River Gorge,2009,0.960921702,0
New River Gorge,2010,0.869343901,0
New River Gorge,2011,0.827289634,0
New River Gorge,2012,0.791707107,0
New River Gorge,2013,0.891005325,0
New River Gorge,2014,0.686433754,0
New River Gorge,2015,0.477453716,0
New River Gorge,2016,0.458373646,0
New River Gorge,2017,0.49004927,0
New River Gorge,2018,0.476299805,0
New River Gorge,2019,0.510654241,0
New River Gorge,2020,0.101007802,0
New River Gorge,2021,1.59052011,0.749322525
New River Gorge,2022,1.633111038,0.786308073
North Cascades,2002,0,84.16219612
North Cascades,2003,0,85.66396449
North Cascades,2004,0,90.5333491
North Cascades,2005,0,83.1478112
North Cascades,2006,0,83.29420358
North Cascades,2007,0,81.0689055
North Cascades,2008,0,81.35113485
North Cascades,2009,0,53.97449207
North Cascades,2010,0,72.18865323
North Cascades,2011,0,88.515202
North Cascades,2012,0,71.8767403
North Cascades,2013,0,93.85839153
North Cascades,2014,0,90.28703122
North Cascades,2015,0,114.7216714
North Cascades,2016,0,89.07351812
North Cascades,2017,0,86.0021104
North Cascades,2018,0,88.75851753
North Cascades,2019,0,72.1864531
North Cascades,2020,0,74.35972155
North Cascades,2021,0,78.52142257
North Cascades,2022,0,77.30317702
Olympic,2002,8.082469367,3.181363798
Olympic,2003,8.704357729,3.268102738
Olympic,2004,8.581224977,2.440201163
Olympic,2005,8.226681269,2.562067778
Olympic,2006,9.53463866,2.776192466
Olympic,2007,8.592103687,2.369000959
Olympic,2008,7.374318138,2.203280208
Olympic,2009,7.924286554,2.505296114
Olympic,2010,8.139703708,2.409719876
Olympic,2011,8.104258821,1.926915943
Olympic,2012,7.907443357,1.974435982
Olympic,2013,7.719052033,1.762172078
Olympic,2014,9.412116138,2.149622427
Olympic,2015,8.627990836,2.714261246
Olympic,2016,8.733442451,2.959895535
Olympic,2017,10.01538509,3.606059502
Olympic,2018,10.39821804,4.127423332
Olympic,2019,9.64737264,2.98428187
Olympic,2020,10.24377225,4.148645734
Olympic,2021,11.96270585,5.080684462
Olympic,2022,13.23229367,5.497432769
Petrified Forest,2002,0,0.062457793
Petrified Forest,2003,0,0.052537762
Petrified Forest,2004,0,0.209137931
Petrified Forest,2005,0,0.045456217
Petrified Forest,2006,0,0.024412006
Petrified Forest,2007,0,0.035131922
Petrified Forest,2008,0,0.032002119
Petrified Forest,2009,0,0.043697644
Petrified Forest,2010,0,0.045131445
Petrified Forest,2011,0,0.041038736
Petrified Forest,2012,0,0.038654929
Petrified Forest,2013,0,0.040952582
Petrified Forest,2014,0,0.030114759
Petrified Forest,2015,0,0.055091557
Petrified Forest,2016,0,0.075551009
Petrified Forest,2017,0,0.223175528
Petrified Forest,2018,0,0.180797058
Petrified Forest,2019,0,0.225454794
Petrified Forest,2020,0,0.05435871
Petrified Forest,2021,0,0.105702873
Petrified Forest,2022,0,0.15617299
Pinnacles,2002,0,0
Pinnacles,2003,0,0
Pinnacles,2004,0,0
Pinnacles,2005,0,0
Pinnacles,2006,8.799677631,0
Pinnacles,2007,10.91175576,0
Pinnacles,2008,12.10206721,0
Pinnacles,2009,5.565945112,0
Pinnacles,2010,4.201561391,0
Pinnacles,2011,0,0
Pinnacles,2012,0,0
Pinnacles,2013,0,0
Pinnacles,2014,0,0
Pinnacles,2015,0,0
Pinnacles,2016,0,0
Pinnacles,2017,0,0
Pinnacles,2018,0,0
Pinnacles,2019,0,0
Pinnacles,2020,15.7584168,0
Pinnacles,2021,9.543451901,0
Pinnacles,2022,11.60993808,0
Redwood,2002,7.901400483,0.405149349
Redwood,2003,7.548894214,0.268299496
Redwood,2004,1.604728222,0.355075772
Redwood,2005,1.476363968,0.261579524
Redwood,2006,1.605346813,0.288967638
Redwood,2007,1.719755641,0.260923071
Redwood,2008,1.925678825,0.348703323
Redwood,2009,1.630417662,0.301062494
Redwood,2010,0.458430829,0.215605749
Redwood,2011,0.340376729,0.349846252
Redwood,2012,0.386364346,0.356011199
Redwood,2013,0.906793708,0.78705728
Redwood,2014,0.85654502,0.892195561
Redwood,2015,0.863902205,0.83354991
Redwood,2016,0.928403478,0.872837252
Redwood,2017,0.755730337,1.071685393
Redwood,2018,0.76906179,0.836207039
Redwood,2019,0.539108658,0.649070181
Redwood,2020,0.64334388,1.859512703
Redwood,2021,0.903920583,2.815230832
Redwood,2022,1.035558464,2.744764398
Rocky Mountain,2002,5.379064573,1.310969642
Rocky Mountain,2003,5.584111662,1.174078721
Rocky Mountain,2004,5.530574618,0.860131874
Rocky Mountain,2005,5.639751455,1.205881428
Rocky Mountain,2006,5.771745643,1.2839344
Rocky Mountain,2007,5.633244376,1.246052767
Rocky Mountain,2008,5.185773503,1.729933016
Rocky Mountain,2009,4.60195052,1.13069898
Rocky Mountain,2010,4.562793214,1.13014286
Rocky Mountain,2011,4.856275266,0.982580413
Rocky Mountain,2012,3.844356777,0.915216882
Rocky Mountain,2013,3.853178436,0.998615578
Rocky Mountain,2014,4.745758863,0.999228183
Rocky Mountain,2015,4.455840782,1.114098553
Rocky Mountain,2016,3.94684328,1.001043699
Rocky Mountain,2017,4.09729977,1.018521753
Rocky Mountain,2018,4.115897791,1.020369708
Rocky Mountain,2019,3.802954699,0.882495338
Rocky Mountain,2020,2.068468495,1.256263239
Rocky Mountain,2021,1.985817778,0.888057494
Rocky Mountain,2022,3.858038184,0.805618237
Saguaro,2002,0,0.231527774
Saguaro,2003,0,0.187665936
Saguaro,2004,0,0.338161433
Saguaro,2005,0,0.198980209
Saguaro,2006,0,0.250329445
Saguaro,2007,0,0.196665943
Saguaro,2008,0,0.228710539
Saguaro,2009,0,0.240366548
Saguaro,2010,0,0.218501869
Saguaro,2011,0,0.333254104
Saguaro,2012,0,0.243580971
Saguaro,2013,0,0.237371749
Saguaro,2014,0,0.204432488
Saguaro,2015,0,0.245007605
Saguaro,2016,0,0.227686592
Saguaro,2017,0,0.242443717
Saguaro,2018,0,0.214956053
Saguaro,2019,0,0.214168233
Saguaro,2020,0,0.454064805
Saguaro,2021,0,0.371832937
Saguaro,2022,0,0.408062595
Sequoia,2002,19.75362168,6.473706172
Sequoia,2003,20.20306403,7.72870743
Sequoia,2004,20.82401415,2.481060852
Sequoia,2005,20.6726822,1.803067743
Sequoia,2006,19.31007316,2.269129509
Sequoia,2007,20.21832764,2.107526311
Sequoia,2008,21.25232927,2.546313968
Sequoia,2009,22.41708715,3.754571733
Sequoia,2010,21.98161676,2.152986254
Sequoia,2011,19.91182049,2.206474777
Sequoia,2012,18.13906581,1.985298902
Sequoia,2013,21.54444095,2.928820136
Sequoia,2014,22.68642152,2.792028385
Sequoia,2015,22.4160428,2.955541138
Sequoia,2016,22.58617282,2.888925374
Sequoia,2017,20.44490016,2.839096198
Sequoia,2018,24.03874775,3.080773003
Sequoia,2019,21.77941067,2.397249555
Sequoia,2020,9.114593147,2.630745924
Sequoia,2021,14.56196416,3.129164512
Sequoia,2022,16.73702174,2.736910747
Shenandoah,2002,17.85496284,2.727742571
Shenandoah,2003,18.89574294,2.97023068
Shenandoah,2004,19.03156225,2.840126883
Shenandoah,2005,21.72612959,3.766421411
Shenandoah,2006,20.33452586,3.092877387
Shenandoah,2007,23.03953932,3.040749548
Shenandoah,2008,23.86506649,3.496214255
Shenandoah,2009,22.6691621,3.486499771
Shenandoah,2010,21.0272813,3.043515725
Shenandoah,2011,20.35874543,3.022688971
Shenandoah,2012,20.41885639,3.481490663
Shenandoah,2013,18.59411089,3.644418634
Shenandoah,2014,18.78754518,3.237737599
Shenandoah,2015,20.44061722,3.279286285
Shenandoah,2016,19.64648612,3.396897466
Shenandoah,2017,18.76070175,4.096515532
Shenandoah,2018,21.44883309,3.160774145
Shenandoah,2019,19.28184148,2.272244191
Shenandoah,2020,11.02795774,3.175065191
Shenandoah,2021,16.63091153,4.3222685
Shenandoah,2022,15.29835093,4.673842545
Theodore Roosevelt,2002,4.867766159,0.227334901
Theodore Roosevelt,2003,4.709205682,0.241691227
Theodore Roosevelt,2004,4.48640824,0.158031476
Theodore Roosevelt,2005,4.448517634,0.128548778
Theodore Roosevelt,2006,4.238800622,0.254961997
Theodore Roosevelt,2007,4.161081763,0.105127599
Theodore Roosevelt,2008,3.552217088,0.114743694
Theodore Roosevelt,2009,4.235783605,0.135962162
Theodore Roosevelt,2010,4.189833074,0.117355086
Theodore Roosevelt,2011,3.58018271,0.136313535
Theodore Roosevelt,2012,3.939084076,0.139098126
Theodore Roosevelt,2013,4.996606065,0.154286448
Theodore Roosevelt,2014,4.78519604,0.151720934
Theodore Roosevelt,2015,4.995922646,0.091201707
Theodore Roosevelt,2016,4.319652995,0.030774129
Theodore Roosevelt,2017,4.586562486,0.082909253
Theodore Roosevelt,2018,4.395847817,0.081933415
Theodore Roosevelt,2019,5.405272548,0.106266392
Theodore Roosevelt,2020,0.13277635,0.46997749
Theodore Roosevelt,2021,4.753010043,0.132397922
Theodore Roosevelt,2022,5.348156589,0.098402971
Virgin Islands,2002,10.3989364,0
Virgin Islands,2003,5.540227899,0
Virgin Islands,2004,5.307778576,0
Virgin Islands,2005,5.292887029,0
Virgin Islands,2006,7.887179623,0
Virgin Islands,2007,7.036973513,0
Virgin Islands,2008,9.353906113,0
Virgin Islands,2009,9.352478195,0
Virgin Islands,2010,7.59751721,0
Virgin Islands,2011,7.657307409,0
Virgin Islands,2012,6.3358995,0
Virgin Islands,2013,6.447317722,0
Virgin Islands,2014,7.696109432,0
Virgin Islands,2015,7.037630141,0
Virgin Islands,2016,7.30679749,0
Virgin Islands,2017,2.366889175,0
Virgin Islands,2018,0,0
Virgin Islands,2019,0,0
Virgin Islands,2020,0,0
Virgin Islands,2021,0,0
Virgin Islands,2022,1.621330406,0
Voyageurs,2002,0.532685212,7.446679008
Voyageurs,2003,0.528538067,7.538284856
Voyageurs,2004,1.729434109,7.255431837
Voyageurs,2005,1.437907382,8.080502351
Voyageurs,2006,1.812183288,8.203989218
Voyageurs,2007,1.622025833,8.274189893
Voyageurs,2008,1.892276102,8.405803642
Voyageurs,2009,1.747973511,7.991763664
Voyageurs,2010,1.447077683,14.00601045
Voyageurs,2011,2.502483294,12.36849828
Voyageurs,2012,1.892096946,13.42248454
Voyageurs,2013,1.549766485,9.343587986
Voyageurs,2014,1.364776719,13.35549423
Voyageurs,2015,1.356619236,21.17467364
Voyageurs,2016,1.646466484,19.2016105
Voyageurs,2017,1.610958904,22.56649104
Voyageurs,2018,1.555562974,24.82683513
Voyageurs,2019,1.599749328,19.427919
Voyageurs,2020,0.794401937,25.57176034
Voyageurs,2021,1.52813094,30.44741238
Voyageurs,2022,1.305580895,19.6744854
White Sands,2002,0,0.379586503
White Sands,2003,0,0.416456643
White Sands,2004,0,0.389348149
White Sands,2005,0,0.368966826
White Sands,2006,0,0.237681067
White Sands,2007,0,0.217370413
White Sands,2008,0,0.303299119
White Sands,2009,0,0.371630441
White Sands,2010,0,0.384565564
White Sands,2011,0,0.509414255
White Sands,2012,0,0.507840004
White Sands,2013,0,0.465605532
White Sands,2014,0,0.414366835
White Sands,2015,0,0.706725145
White Sands,2016,0,0.77924695
White Sands,2017,0,0.858657105
White Sands,2018,0,0.684070526
White Sands,2019,0,0.696961982
White Sands,2020,0,0.194519275
White Sands,2021,0,0
White Sands,2022,0,0
Wind Cave,2002,1.056031238,0.042823751
Wind Cave,2003,0.986767975,0.021163004
Wind Cave,2004,1.187114504,0.038728558
Wind Cave,2005,0.958401771,0.028735726
Wind Cave,2006,0.86253424,0.030623519
Wind Cave,2007,0.95679739,0.027853398
Wind Cave,2008,1.101610825,0.017438829
Wind Cave,2009,0.330006056,0.027727313
Wind Cave,2010,0.514085813,0.051287294
Wind Cave,2011,0.520993919,0.046248658
Wind Cave,2012,1.201890819,0.042715415
Wind Cave,2013,2.030061495,0.042430184
Wind Cave,2014,1.558986659,0.040217761
Wind Cave,2015,1.016664543,0.029238906
Wind Cave,2016,1.375820609,0.079853963
Wind Cave,2017,1.752956814,0.072912163
Wind Cave,2018,1.294490986,0.066575563
Wind Cave,2019,1.19395466,0.059965873
Wind Cave,2020,1.18486636,0.089874109
Wind Cave,2021,1.584906086,0.066713587
Wind Cave,2022,1.711012845,0.071614605
Wrangell-St. Elias,2002,0,0
Wrangell-St. Elias,2003,0,0
Wrangell-St. Elias,2004,0,0
Wrangell-St. Elias,2005,0,0
Wrangell-St. Elias,2006,0,0
Wrangell-St. Elias,2007,0,0
Wrangell-St. Elias,2008,0,0
Wrangell-St. Elias,2009,0,0
Wrangell-St. Elias,2010,0,0
Wrangell-St. Elias,2011,0,0
Wrangell-St. Elias,2012,0,0
Wrangell-St. Elias,2013,0,0
Wrangell-St. Elias,2014,0,0
Wrangell-St. Elias,2015,0,0
Wrangell-St. Elias,2016,0,0
Wrangell-St. Elias,2017,0,0
Wrangell-St. Elias,2018,0,0
Wrangell-St. Elias,2019,0,0
Wrangell-St. Elias,2020,0,0
Wrangell-St. Elias,2021,0,1.155631712
Wrangell-St. Elias,2022,0,0.29891471
Yellowstone,2002,41.23114245,1.468955774
Yellowstone,2003,39.42819292,1.526375492
Yellowstone,2004,40.30928241,1.334231886
Yellowstone,2005,40.34981738,1.198102305
Yellowstone,2006,37.99794098,1.298681843
Yellowstone,2007,39.21464595,1.2071044
Yellowstone,2008,37.19629033,1.291438671
Yellowstone,2009,37.09622549,1.20587997
Yellowstone,2010,34.21207988,1.237437108
Yellowstone,2011,36.20427148,1.098656994
Yellowstone,2012,37.6480286,1.17352611
Yellowstone,2013,40.19394422,1.274235186
Yellowstone,2014,35.96137054,1.173849091
Yellowstone,2015,32.01539396,1.095685151
Yellowstone,2016,31.31006768,1.049122458
Yellowstone,2017,33.77441745,1.053753118
Yellowstone,2018,34.32162819,1.020121507
Yellowstone,2019,32.07740341,0.951076142
Yellowstone,2020,15.61196078,1.034178545
Yellowstone,2021,19.90670423,0.892033771
Yellowstone,2022,29.22715107,1.05639646
Yosemite,2002,46.14867275,3.7189752
Yosemite,2003,46.37022208,2.535736019
Yosemite,2004,45.90999268,2.507199982
Yosemite,2005,44.49839353,2.142854549
Yosemite,2006,44.90129043,2.507367445
Yosemite,2007,42.23449148,2.185744933
Yosemite,2008,44.36243011,4.002023597
Yosemite,2009,40.35500467,4.23369058
Yosemite,2010,39.85332987,3.20745741
Yosemite,2011,37.89845758,2.617304834
Yosemite,2012,39.71631316,4.380101334
Yosemite,2013,38.63487422,4.669305923
Yosemite,2014,38.0981816,4.902306213
Yosemite,2015,43.64810322,5.107347399
Yosemite,2016,32.02949451,4.31486768
Yosemite,2017,36.36350011,3.862376034
Yosemite,2018,31.64632133,3.107095362
Yosemite,2019,30.83538009,3.517587372
Yosemite,2020,16.08561076,6.337749684
Yosemite,2021,26.99447468,5.318142898
Yosemite,2022,33.11464056,3.884255157
Zion,2002,7.914269569,1.109604655
Zion,2003,9.34080638,1.072396526
Zion,2004,8.758462684,0.860069427
Zion,2005,9.124567735,0.796508245
Zion,2006,8.978830311,1.130660019
Zion,2007,9.056324867,1.032860281
Zion,2008,9.199622029,1.328771513
Zion,2009,8.954223182,1.532973947
Zion,2010,9.259587122,1.370757082
Zion,2011,8.931500741,1.427850951
Zion,2012,8.997994691,1.645543611
Zion,2013,9.417903552,1.935465256
Zion,2014,8.961543671,0.729129046
Zion,2015,7.952212837,0.675693082
Zion,2016,6.859541057,0.657675547
Zion,2017,6.612617796,0.565395404
Zion,2018,6.749855846,0.531570013
Zion,2019,6.230332057,0.408175269
Zion,2020,4.787714821,0.136609663
Zion,2021,5.637148835,0.299037568
Zion,2022,6.055322875,0.221101407