Park,Year,Visitors,Campers,Backcountry Campers
Acadia,2002,2558572,144885,0
Acadia,2003,2431062,139245,0
Acadia,2004,2207847,121455,0
Acadia,2005,2051484,105117,1157
Acadia,2006,2083588,118551,1306
Acadia,2007,2202228,121866,1091
Acadia,2008,2075857,122226,1229
Acadia,2009,2227698,127797,1037
Acadia,2010,2504208,150108,974
Acadia,2011,2374645,145398,1157
Acadia,2012,2431052,151242,1316
Acadia,2013,2254922,143778,1166
Acadia,2014,2563129,159843,1230
Acadia,2015,2811184,167094,1233
Acadia,2016,3303393,200417,1324
Acadia,2017,3509271,210055,1597
Acadia,2018,3537575,204323,1472
Acadia,2019,3437286,199771,1284
Acadia,2020,2669034,307,0
Acadia,2021,4069098,150037,1612
Acadia,2022,3970260,187714,1472
Arches,2002,769672,41524,402
Arches,2003,757781,40282,341
Arches,2004,733131,43140,378
Arches,2005,781670,46420,471
Arches,2006,833049,45544,286
Arches,2007,860181,44104,277
Arches,2008,928795,43894,366
Arches,2009,996312,46953,808
Arches,2010,1014405,39094,923
Arches,2011,1040758,42907,1192
Arches,2012,1070577,41744,851
Arches,2013,1082866,42136,953
Arches,2014,1284767,40688,1211
Arches,2015,1399247,43723,1208
Arches,2016,1585718,46704,1174
Arches,2017,1539028,2252,65
Arches,2018,1663557,34095,368
Arches,2019,1659702,33813,405
Arches,2020,1238083,21003,34
Arches,2021,1806865,29040,312
Arches,2022,1460652,35129,272
Badlands,2002,908898,40460,540
Badlands,2003,871034,44770,384
Badlands,2004,936030,43111,879
Badlands,2005,909146,35464,654
Badlands,2006,840118,33159,397
Badlands,2007,886654,48569,710
Badlands,2008,845734,31094,613
Badlands,2009,933918,43494,1410
Badlands,2010,977778,34733,1658
Badlands,2011,870741,42907,1578
Badlands,2012,883406,41409,979
Badlands,2013,892372,54939,1429
Badlands,2014,868094,58537,1419
Badlands,2015,989354,54401,1445
Badlands,2016,996263,66440,1410
Badlands,2017,1054325,63592,2433
Badlands,2018,1008942,26903,2926
Badlands,2019,970998,31332,2493
Badlands,2020,916932,24862,4514
Badlands,2021,1224226,31157,3534
Badlands,2022,1006809,28604,2319
Big Bend,2002,327747,132917,30418
Big Bend,2003,312384,109125,29399
Big Bend,2004,357723,121268,29720
Big Bend,2005,398583,115847,28239
Big Bend,2006,298717,111762,22668
Big Bend,2007,364856,117519,21146
Big Bend,2008,362512,111774,19306
Big Bend,2009,363905,119263,20727
Big Bend,2010,372330,120460,22712
Big Bend,2011,361862,104275,16254
Big Bend,2012,292055,107116,15648
Big Bend,2013,316953,111609,19378
Big Bend,2014,314102,124940,24723
Big Bend,2015,381747,138773,32435
Big Bend,2016,388290,151912,41793
Big Bend,2017,440276,151664,42555
Big Bend,2018,440091,150197,23858
Big Bend,2019,463832,145092,23320
Big Bend,2020,393907,79549,28219
Big Bend,2021,581220,94043,29692
Big Bend,2022,514107,68421,55173
Biscayne,2002,513397,0,0
Biscayne,2003,490031,0,0
Biscayne,2004,478304,0,0
Biscayne,2005,563728,0,0
Biscayne,2006,608836,248,0
Biscayne,2007,517442,2002,0
Biscayne,2008,686062,807,0
Biscayne,2009,437745,934,0
Biscayne,2010,467612,4064,0
Biscayne,2011,476077,4552,0
Biscayne,2012,495613,3462,0
Biscayne,2013,486848,2436,0
Biscayne,2014,525745,2044,0
Biscayne,2015,508164,1860,0
Biscayne,2016,514709,2522,0
Biscayne,2017,446961,2452,0
Biscayne,2018,469253,2119,0
Biscayne,2019,708522,238,0
Biscayne,2020,402770,145,0
Biscayne,2021,705655,2240,0
Biscayne,2022,701023,2267,0
Black Canyon of the Gunnison,2002,173687,10166,1884
Black Canyon of the Gunnison,2003,167247,12836,2037
Black Canyon of the Gunnison,2004,175581,13585,1782
Black Canyon of the Gunnison,2005,180814,12155,1635
Black Canyon of the Gunnison,2006,160450,11034,1829
Black Canyon of the Gunnison,2007,219576,13672,1705
Black Canyon of the Gunnison,2008,160185,12561,1259
Black Canyon of the Gunnison,2009,171451,13112,1412
Black Canyon of the Gunnison,2010,176344,15254,1146
Black Canyon of the Gunnison,2011,168336,17487,631
Black Canyon of the Gunnison,2012,192570,19036,666
Black Canyon of the Gunnison,2013,175852,18255,575
Black Canyon of the Gunnison,2014,183045,17054,390
Black Canyon of the Gunnison,2015,209166,21109,1090
Black Canyon of the Gunnison,2016,238018,30948,1936
Black Canyon of the Gunnison,2017,307143,31052,1708
Black Canyon of the Gunnison,2018,308962,32058,2088
Black Canyon of the Gunnison,2019,432818,30069,1861
Black Canyon of the Gunnison,2020,341620,29747,2419
Black Canyon of the Gunnison,2021,308910,30845,2035
Black Canyon of the Gunnison,2022,297257,27799,1685
Bryce Canyon,2002,886436,128399,1928
Bryce Canyon,2003,903760,123355,1988
Bryce Canyon,2004,987253,130575,1450
Bryce Canyon,2005,1017681,123233,1548
Bryce Canyon,2006,890676,125597,1291
Bryce Canyon,2007,1012563,136308,1432
Bryce Canyon,2008,1043321,126453,1300
Bryce Canyon,2009,1216377,146157,1824
Bryce Canyon,2010,1285492,143026,1918
Bryce Canyon,2011,1296000,130424,1702
Bryce Canyon,2012,1385352,141876,1712
Bryce Canyon,2013,1311875,134220,1662
Bryce Canyon,2014,1435741,140122,1449
Bryce Canyon,2015,1745804,146982,2072
Bryce Canyon,2016,2365110,157804,2684
Bryce Canyon,2017,2571684,149403,2414
Bryce Canyon,2018,2679478,131056,2603
Bryce Canyon,2019,2594904,106299,1394
Bryce Canyon,2020,1464655,90257,1680
Bryce Canyon,2021,2104600,129105,2063
Bryce Canyon,2022,2354660,131506,1657
Canyonlands,2002,367078,24419,62365
Canyonlands,2003,386986,24827,64009
Canyonlands,2004,371706,24018,65281
Canyonlands,2005,393381,23370,69708
Canyonlands,2006,392537,23103,59478
Canyonlands,2007,417560,21214,64750
Canyonlands,2008,436715,23087,68810
Canyonlands,2009,436241,21910,62595
Canyonlands,2010,435908,21749,61368
Canyonlands,2011,473773,23894,60557
Canyonlands,2012,452952,22121,58546
Canyonlands,2013,462242,21086,60691
Canyonlands,2014,542431,23702,77518
Canyonlands,2015,634607,22108,74388
Canyonlands,2016,776218,21801,86227
Canyonlands,2017,742271,22084,82188
Canyonlands,2018,739449,23738,78375
Canyonlands,2019,733996,16920,77695
Canyonlands,2020,493914,10019,59800
Canyonlands,2021,911594,17261,90466
Canyonlands,2022,779147,15455,80264
Capitol Reef,2002,525646,39842,1646
Capitol Reef,2003,535441,33401,1226
Capitol Reef,2004,549708,33386,1477
Capitol Reef,2005,550255,31792,1544
Capitol Reef,2006,511511,29519,1158
Capitol Reef,2007,554907,32065,1136
Capitol Reef,2008,604811,34685,1435
Capitol Reef,2009,617208,32236,1453
Capitol Reef,2010,662661,34951,1652
Capitol Reef,2011,668834,33205,1504
Capitol Reef,2012,673345,33709,1810
Capitol Reef,2013,663670,32778,1981
Capitol Reef,2014,786514,38432,2081
Capitol Reef,2015,941029,39029,2593
Capitol Reef,2016,1064904,40424,2996
Capitol Reef,2017,1150165,38963,3813
Capitol Reef,2018,1227627,51965,4048
Capitol Reef,2019,1226519,49658,4010
Capitol Reef,2020,981038,30792,2849
Capitol Reef,2021,1405353,51187,4490
Capitol Reef,2022,1227608,49946,3393
Carlsbad Caverns,2002,476259,0,162
Carlsbad Caverns,2003,457631,0,160
Carlsbad Caverns,2004,419599,0,155
Carlsbad Caverns,2005,413786,0,137
Carlsbad Caverns,2006,407367,0,95
Carlsbad Caverns,2007,409560,0,93
Carlsbad Caverns,2008,400381,0,86
Carlsbad Caverns,2009,432639,0,114
Carlsbad Caverns,2010,428524,0,170
Carlsbad Caverns,2011,365000,0,107
Carlsbad Caverns,2012,381058,0,151
Carlsbad Caverns,2013,388566,0,176
Carlsbad Caverns,2014,397309,0,146
Carlsbad Caverns,2015,445720,0,135
Carlsbad Caverns,2016,466773,0,251
Carlsbad Caverns,2017,520026,0,202
Carlsbad Caverns,2018,465912,0,184
Carlsbad Caverns,2019,440691,0,225
Carlsbad Caverns,2020,183835,0,116
Carlsbad Caverns,2021,349244,0,191
Carlsbad Caverns,2022,390932,0,66
Channel Islands,2002,613935,0,13338
Channel Islands,2003,585919,0,15318
Channel Islands,2004,537716,0,17086
Channel Islands,2005,434107,0,19174
Channel Islands,2006,375256,0,17692
Channel Islands,2007,360806,0,17801
Channel Islands,2008,332177,0,16949
Channel Islands,2009,348745,0,20197
Channel Islands,2010,277515,0,37071
Channel Islands,2011,242756,0,22831
Channel Islands,2012,249594,0,19785
Channel Islands,2013,212029,0,20032
Channel Islands,2014,342161,0,23068
Channel Islands,2015,324816,0,23326
Channel Islands,2016,364807,0,22885
Channel Islands,2017,383687,0,22934
Channel Islands,2018,366250,0,21463
Channel Islands,2019,409630,0,23411
Channel Islands,2020,167290,0,9264
Channel Islands,2021,319252,0,24529
Channel Islands,2022,323245,0,28210
Congaree,2002,101620,0,439
Congaree,2003,107114,0,212
Congaree,2004,126247,0,477
Congaree,2005,84301,0,490
Congaree,2006,134045,0,686
Congaree,2007,115524,0,795
Congaree,2008,104913,0,1084
Congaree,2009,122970,0,861
Congaree,2010,121208,0,1174
Congaree,2011,120166,0,1176
Congaree,2012,109685,0,867
Congaree,2013,120340,0,579
Congaree,2014,120122,0,460
Congaree,2015,87513,0,387
Congaree,2016,143843,0,286
Congaree,2017,159595,0,1424
Congaree,2018,145929,0,1023
Congaree,2019,159445,0,881
Congaree,2020,119306,0,724
Congaree,2021,215181,0,1416
Congaree,2022,204522,6055,805
Crater Lake,2002,456620,76793,1464
Crater Lake,2003,479183,70877,1500
Crater Lake,2004,417066,71678,1830
Crater Lake,2005,447240,53287,1142
Crater Lake,2006,388972,60798,1095
Crater Lake,2007,468958,69653,1442
Crater Lake,2008,415686,67311,1349
Crater Lake,2009,446516,78201,1852
Crater Lake,2010,448319,78652,1815
Crater Lake,2011,423551,77129,1925
Crater Lake,2012,447251,84289,2066
Crater Lake,2013,523027,91026,3022
Crater Lake,2014,535508,87360,2929
Crater Lake,2015,614712,97773,3253
Crater Lake,2016,756344,92912,4706
Crater Lake,2017,711749,71316,2851
Crater Lake,2018,720659,83425,2584
Crater Lake,2019,704512,51788,2436
Crater Lake,2020,670500,42149,3135
Crater Lake,2021,647751,56976,2279
Crater Lake,2022,527259,55538,1588
Cuyahoga Valley,2002,3217935,5116,0
Cuyahoga Valley,2003,2879591,2761,0
Cuyahoga Valley,2004,3306175,2792,0
Cuyahoga Valley,2005,2533827,3060,0
Cuyahoga Valley,2006,2468816,2529,0
Cuyahoga Valley,2007,2486656,1922,0
Cuyahoga Valley,2008,2828233,1880,0
Cuyahoga Valley,2009,2589288,1747,0
Cuyahoga Valley,2010,2492670,1911,0
Cuyahoga Valley,2011,2161185,4040,0
Cuyahoga Valley,2012,2299722,5915,0
Cuyahoga Valley,2013,2103010,6137,0
Cuyahoga Valley,2014,2189849,6632,0
Cuyahoga Valley,2015,2284612,7351,0
Cuyahoga Valley,2016,2423390,7797,0
Cuyahoga Valley,2017,2226879,7670,0
Cuyahoga Valley,2018,2096053,8607,0
Cuyahoga Valley,2019,2237997,7777,0
Cuyahoga Valley,2020,2755628,2141,0
Cuyahoga Valley,2021,2575275,5390,0
Cuyahoga Valley,2022,2913312,6586,0
Death Valley,2002,897596,186519,0
Death Valley,2003,890375,255010,0
Death Valley,2004,764820,178573,0
Death Valley,2005,800113,250207,0
Death Valley,2006,744440,210657,0
Death Valley,2007,704122,197081,0
Death Valley,2008,871938,196123,0
Death Valley,2009,828574,210182,0
Death Valley,2010,984775,219997,0
Death Valley,2011,946867,222193,0
Death Valley,2012,984568,181167,0
Death Valley,2013,951972,149720,0
Death Valley,2014,1101312,164284,0
Death Valley,2015,1154843,214066,0
Death Valley,2016,1296283,242163,0
Death Valley,2017,1294827,227121,0
Death Valley,2018,1678660,212292,1485
Death Valley,2019,1740945,204204,1915
Death Valley,2020,820023,156806,1674
Death Valley,2021,1146551,196223,3882
Death Valley,2022,1128862,203181,3283
Denali,2002,311335,27700,24115
Denali,2003,360189,62570,33170
Denali,2004,404236,85752,34016
Denali,2005,403520,82451,30833
Denali,2006,415935,69336,28623
Denali,2007,458308,62305,30919
Denali,2008,432309,60401,31621
Denali,2009,358041,58777,29855
Denali,2010,378855,66056,38625
Denali,2011,406582,67175,39914
Denali,2012,388433,67464,41685
Denali,2013,530922,70402,37862
Denali,2014,531315,71286,38443
Denali,2015,560757,88605,35785
Denali,2016,587412,71526,49309
Denali,2017,642809,27248,32887
Denali,2018,594660,27587,23748
Denali,2019,601152,26382,26211
Denali,2020,54850,12831,5332
Denali,2021,229521,21477,35646
Denali,2022,427562,19877,33335
Dry Tortugas,2002,79582,3678,0
Dry Tortugas,2003,74741,10,0
Dry Tortugas,2004,67917,4676,0
Dry Tortugas,2005,61765,4312,0
Dry Tortugas,2006,64122,3052,0
Dry Tortugas,2007,60895,2174,0
Dry Tortugas,2008,63947,4118,0
Dry Tortugas,2009,52011,3394,0
Dry Tortugas,2010,53890,3362,0
Dry Tortugas,2011,75171,3822,0
Dry Tortugas,2012,60550,2982,0
Dry Tortugas,2013,58401,2836,0
Dry Tortugas,2014,64865,4438,0
Dry Tortugas,2015,70862,4546,0
Dry Tortugas,2016,73661,5934,0
Dry Tortugas,2017,54281,5342,0
Dry Tortugas,2018,56810,4930,0
Dry Tortugas,2019,79200,6786,0
Dry Tortugas,2020,48543,3954,0
Dry Tortugas,2021,83817,6574,0
Dry Tortugas,2022,78488,5324,0
Everglades,2002,968909,84664,22997
Everglades,2003,1040648,82863,22485
Everglades,2004,1181355,78893,18744
Everglades,2005,1233837,65642,15436
Everglades,2006,954022,25355,9610
Everglades,2007,1074764,31742,12075
Everglades,2008,822118,33238,17090
Everglades,2009,900882,20000,13062
Everglades,2010,915538,19863,12991
Everglades,2011,934351,17072,11546
Everglades,2012,1141906,21339,8456
Everglades,2013,1047116,19129,6437
Everglades,2014,1110901,21467,5875
Everglades,2015,1077427,21139,15961
Everglades,2016,930907,19209,12726
Everglades,2017,1018557,13375,17393
Everglades,2018,597124,8440,4391
Everglades,2019,1118300,26901,12732
Everglades,2020,702319,49078,14159
Everglades,2021,942130,38652,26789
Everglades,2022,1155193,64607,12305
Gates of the Arctic,2002,6648,0,2655
Gates of the Arctic,2003,5075,0,4293
Gates of the Arctic,2004,10282,0,5345
Gates of the Arctic,2005,9459,0,4383
Gates of the Arctic,2006,9982,0,6040
Gates of the Arctic,2007,10942,0,5461
Gates of the Arctic,2008,11397,0,6274
Gates of the Arctic,2009,9975,0,4638
Gates of the Arctic,2010,10840,0,7175
Gates of the Arctic,2011,11623,0,6576
Gates of the Arctic,2012,10899,0,5708
Gates of the Arctic,2013,11012,0,7646
Gates of the Arctic,2014,12669,0,6166
Gates of the Arctic,2015,10745,0,9473
Gates of the Arctic,2016,10047,0,7971
Gates of the Arctic,2017,11177,0,6355
Gates of the Arctic,2018,9591,0,7561
Gates of the Arctic,2019,10518,0,4058
Gates of the Arctic,2020,2872,0,1086
Gates of the Arctic,2021,7362,0,1632
Gates of the Arctic,2022,9457,0,4017
Gateway Arch,2002,3333454,0,0
Gateway Arch,2003,2685219,0,0
Gateway Arch,2004,2779350,0,0
Gateway Arch,2005,2944976,0,0
Gateway Arch,2006,2572072,0,0
Gateway Arch,2007,2385387,0,0
Gateway Arch,2008,1954810,0,0
Gateway Arch,2009,2360109,0,0
Gateway Arch,2010,2436110,0,0
Gateway Arch,2011,2259020,0,0
Gateway Arch,2012,2496726,0,0
Gateway Arch,2013,2377258,0,0
Gateway Arch,2014,1817091,0,0
Gateway Arch,2015,1698656,0,0
Gateway Arch,2016,1271855,0,0
Gateway Arch,2017,1398188,0,0
Gateway Arch,2018,2016180,0,0
Gateway Arch,2019,2055309,0,0
Gateway Arch,2020,486021,0,0
Gateway Arch,2021,1145081,0,0
Gateway Arch,2022,1618774,0,0
Glacier Bay,2002,408143,8181,0
Glacier Bay,2003,366319,15261,7815
Glacier Bay,2004,353686,5894,8671
Glacier Bay,2005,359829,5146,4630
Glacier Bay,2006,413382,5267,4674
Glacier Bay,2007,438211,11501,5200
Glacier Bay,2008,418911,4133,5888
Glacier Bay,2009,438361,7521,4541
Glacier Bay,2010,444530,3774,6122
Glacier Bay,2011,431986,14475,4736
Glacier Bay,2012,454337,12203,5381
Glacier Bay,2013,500590,12247,4018
Glacier Bay,2014,500727,12483,6303
Glacier Bay,2015,551353,11896,6254
Glacier Bay,2016,520171,11924,6161
Glacier Bay,2017,547057,13253,5986
Glacier Bay,2018,597915,13258,5840
Glacier Bay,2019,672087,15152,4211
Glacier Bay,2020,5748,94,989
Glacier Bay,2021,89768,19388,3445
Glacier Bay,2022,545758,16278,3741
Glacier,2002,1905689,294932,27076
Glacier,2003,1664046,208962,22958
Glacier,2004,2033933,283035,27640
Glacier,2005,1925101,302277,27025
Glacier,2006,1964399,303496,26002
Glacier,2007,2083329,295755,27993
Glacier,2008,1808027,298070,26867
Glacier,2009,2031348,337257,40855
Glacier,2010,2200048,339503,30680
Glacier,2011,1853564,299887,25715
Glacier,2012,2162035,334552,26634
Glacier,2013,2190374,349421,29132
Glacier,2014,2338528,332036,29869
Glacier,2015,2366056,319442,32797
Glacier,2016,2946681,363082,38421
Glacier,2017,3305512,348528,34011
Glacier,2018,2965309,327229,32349
Glacier,2019,3049839,364240,34759
Glacier,2020,1698864,70397,16596
Glacier,2021,3081656,220912,33548
Glacier,2022,2908458,313287,28261
Grand Canyon,2002,4001974,871573,241738
Grand Canyon,2003,4124900,899884,244271
Grand Canyon,2004,4326234,927393,255617
Grand Canyon,2005,4401522,902455,238381
Grand Canyon,2006,4279439,914614,244413
Grand Canyon,2007,4413668,972974,282663
Grand Canyon,2008,4425314,941289,314304
Grand Canyon,2009,4348068,950982,276150
Grand Canyon,2010,4388386,923136,295949
Grand Canyon,2011,4298178,1030006,291833
Grand Canyon,2012,4421352,966155,300418
Grand Canyon,2013,4564840,803761,234878
Grand Canyon,2014,4756771,837597,269236
Grand Canyon,2015,5520736,874006,293866
Grand Canyon,2016,5969811,919790,330703
Grand Canyon,2017,6254238,904248,312503
Grand Canyon,2018,6380495,909815,337790
Grand Canyon,2019,5974411,807096,320032
Grand Canyon,2020,2897098,273867,177589
Grand Canyon,2021,4532677,607016,332295
Grand Canyon,2022,4732101,712451,331623
Grand Teton,2002,2612629,495055,31975
Grand Teton,2003,2355693,495519,12949
Grand Teton,2004,2360373,452028,27752
Grand Teton,2005,2463442,457584,22424
Grand Teton,2006,2406476,523589,26858
Grand Teton,2007,2588574,553598,29906
Grand Teton,2008,2485987,523287,27521
Grand Teton,2009,2580081,518509,30731
Grand Teton,2010,2669374,483979,30597
Grand Teton,2011,2587437,453603,28216
Grand Teton,2012,2705256,463366,30214
Grand Teton,2013,2688794,493265,30157
Grand Teton,2014,2791392,519078,29524
Grand Teton,2015,3149921,596308,33798
Grand Teton,2016,3270076,493661,36206
Grand Teton,2017,3317000,599233,40193
Grand Teton,2018,3491151,406908,38803
Grand Teton,2019,3405614,527090,36292
Grand Teton,2020,3289638,368367,40249
Grand Teton,2021,3885230,589787,44435
Grand Teton,2022,2806223,599317,40010
Great Basin,2002,85777,35006,200
Great Basin,2003,87020,31934,148
Great Basin,2004,79879,23418,355
Great Basin,2005,77741,27444,191
Great Basin,2006,78524,24877,304
Great Basin,2007,81364,26115,420
Great Basin,2008,69235,22895,392
Great Basin,2009,84974,26112,445
Great Basin,2010,88870,30239,613
Great Basin,2011,91451,32346,674
Great Basin,2012,94850,32611,638
Great Basin,2013,92893,31598,691
Great Basin,2014,107526,34768,1063
Great Basin,2015,116123,37165,1017
Great Basin,2016,144846,41491,1067
Great Basin,2017,168028,41562,403
Great Basin,2018,153094,52106,280
Great Basin,2019,131802,38548,48
Great Basin,2020,120248,35792,239
Great Basin,2021,144875,48585,252
Great Basin,2022,142115,47524,316
Great Sand Dunes,2002,234776,32817,1470
Great Sand Dunes,2003,251375,36579,2122
Great Sand Dunes,2004,267204,36900,1808
Great Sand Dunes,2005,279589,38444,1804
Great Sand Dunes,2006,258660,34239,1651
Great Sand Dunes,2007,285121,39637,2309
Great Sand Dunes,2008,273903,38508,2119
Great Sand Dunes,2009,289955,42526,2355
Great Sand Dunes,2010,283284,40951,2171
Great Sand Dunes,2011,280058,39088,2201
Great Sand Dunes,2012,254674,32186,2613
Great Sand Dunes,2013,242841,25275,2300
Great Sand Dunes,2014,271774,41061,3405
Great Sand Dunes,2015,299513,43762,3754
Great Sand Dunes,2016,388308,48289,4508
Great Sand Dunes,2017,486935,41754,4313
Great Sand Dunes,2018,442905,49497,4475
Great Sand Dunes,2019,527546,51243,4933
Great Sand Dunes,2020,461532,34708,4910
Great Sand Dunes,2021,602613,60147,12966
Great Sand Dunes,2022,493428,56936,10274
Great Smoky Mountains,2002,9316420,294847,77816
Great Smoky Mountains,2003,9366845,292194,73124
Great Smoky Mountains,2004,9167046,269035,73787
Great Smoky Mountains,2005,9192477,265440,69985
Great Smoky Mountains,2006,9289215,268645,70193
Great Smoky Mountains,2007,9372253,307559,70215
Great Smoky Mountains,2008,9044010,272561,71381
Great Smoky Mountains,2009,9491437,299951,79182
Great Smoky Mountains,2010,9463538,294772,79480
Great Smoky Mountains,2011,9008830,265070,90444
Great Smoky Mountains,2012,9685829,281862,84236
Great Smoky Mountains,2013,9354695,242934,70407
Great Smoky Mountains,2014,10099276,275724,86153
Great Smoky Mountains,2015,10712674,301347,97629
Great Smoky Mountains,2016,11312786,313747,109349
Great Smoky Mountains,2017,11338893,281721,104352
Great Smoky Mountains,2018,11421200,276979,97593
Great Smoky Mountains,2019,12547743,279904,94569
Great Smoky Mountains,2020,12095720,268141,89892
Great Smoky Mountains,2021,14161548,353332,107581
Great Smoky Mountains,2022,12937633,382303,96762
Guadalupe Mountains,2002,202911,15354,2919
Guadalupe Mountains,2003,181357,14510,2795
Guadalupe Mountains,2004,182351,12657,2263
Guadalupe Mountains,2005,170383,12125,2035
Guadalupe Mountains,2006,174157,13445,2487
Guadalupe Mountains,2007,165110,13054,1855
Guadalupe Mountains,2008,163709,14132,2579
Guadalupe Mountains,2009,198882,14999,2405
Guadalupe Mountains,2010,192210,13484,2494
Guadalupe Mountains,2011,152546,10468,2235
Guadalupe Mountains,2012,159360,13192,1742
Guadalupe Mountains,2013,145670,11789,3621
Guadalupe Mountains,2014,166868,12792,3188
Guadalupe Mountains,2015,169535,13991,2507
Guadalupe Mountains,2016,181839,16908,2954
Guadalupe Mountains,2017,225257,19283,3896
Guadalupe Mountains,2018,172347,17130,3509
Guadalupe Mountains,2019,188833,17004,2838
Guadalupe Mountains,2020,151256,10777,1715
Guadalupe Mountains,2021,243291,22619,2572
Guadalupe Mountains,2022,219987,26721,1615
Haleakala,2002,1521080,16849,1877
Haleakala,2003,1444668,10978,1562
Haleakala,2004,1455477,8621,1416
Haleakala,2005,1474681,11050,1395
Haleakala,2006,1426068,12140,1324
Haleakala,2007,1322817,14168,1521
Haleakala,2008,1185068,14328,1480
Haleakala,2009,1109104,11141,1671
Haleakala,2010,1105606,16112,1260
Haleakala,2011,956989,15908,1562
Haleakala,2012,1094668,15545,1587
Haleakala,2013,785300,8045,628
Haleakala,2014,1142040,7907,1375
Haleakala,2015,1216772,7896,2205
Haleakala,2016,1263558,8332,2392
Haleakala,2017,1112390,7191,2877
Haleakala,2018,1044084,7201,2876
Haleakala,2019,994394,9071,1616
Haleakala,2020,319147,2400,392
Haleakala,2021,853181,3120,4759
Haleakala,2022,1087616,20614,5604
Hawaii Volcanoes,2002,1110998,39990,4169
Hawaii Volcanoes,2003,1122524,44488,5691
Hawaii Volcanoes,2004,1307391,42292,5070
Hawaii Volcanoes,2005,1661196,43683,4448
Hawaii Volcanoes,2006,1612246,52464,5345
Hawaii Volcanoes,2007,1467779,44670,4215
Hawaii Volcanoes,2008,1270538,35639,4729
Hawaii Volcanoes,2009,1233105,34567,5236
Hawaii Volcanoes,2010,1304667,8737,4501
Hawaii Volcanoes,2011,1352123,9568,4235
Hawaii Volcanoes,2012,1483928,11542,4466
Hawaii Volcanoes,2013,1583209,27874,4660
Hawaii Volcanoes,2014,1693005,36092,4621
Hawaii Volcanoes,2015,1832660,35790,4903
Hawaii Volcanoes,2016,1887580,36730,5178
Hawaii Volcanoes,2017,2016702,44069,4755
Hawaii Volcanoes,2018,1116891,16993,2145
Hawaii Volcanoes,2019,1368376,29199,3658
Hawaii Volcanoes,2020,589775,8428,4052
Hawaii Volcanoes,2021,1262747,31405,5174
Hawaii Volcanoes,2022,1580961,42679,4864
Hot Springs,2002,1440227,6060,0
Hot Springs,2003,1561311,6305,0
Hot Springs,2004,1418735,5903,0
Hot Springs,2005,1340160,6150,0
Hot Springs,2006,1273456,6150,0
Hot Springs,2007,1300152,6285,0
Hot Springs,2008,1238147,6464,0
Hot Springs,2009,1284707,9615,0
Hot Springs,2010,1311807,12409,0
Hot Springs,2011,1396354,13943,0
Hot Springs,2012,1302505,9988,0
Hot Springs,2013,1325719,15100,0
Hot Springs,2014,1424484,19606,0
Hot Springs,2015,1418162,24148,0
Hot Springs,2016,1544300,24021,0
Hot Springs,2017,1561616,24010,0
Hot Springs,2018,1506887,23945,0
Hot Springs,2019,1467153,25706,0
Hot Springs,2020,1348215,30407,0
Hot Springs,2021,2162884,32648,0
Hot Springs,2022,2646133,36374,0
Indiana Dunes,2002,1989941,24304,0
Indiana Dunes,2003,1953449,22913,0
Indiana Dunes,2004,1810330,29677,0
Indiana Dunes,2005,2127336,23613,0
Indiana Dunes,2006,1938132,20339,0
Indiana Dunes,2007,1972344,21297,0
Indiana Dunes,2008,1833596,23004,0
Indiana Dunes,2009,1944568,22931,0
Indiana Dunes,2010,2150345,23440,0
Indiana Dunes,2011,1840513,22823,0
Indiana Dunes,2012,1889381,19708,0
Indiana Dunes,2013,1681695,18065,0
Indiana Dunes,2014,1553372,15298,0
Indiana Dunes,2015,1640195,18835,0
Indiana Dunes,2016,1698223,20506,0
Indiana Dunes,2017,2158471,24967,0
Indiana Dunes,2018,1756079,17906,0
Indiana Dunes,2019,2134285,22784,0
Indiana Dunes,2020,2293106,23337,0
Indiana Dunes,2021,3177210,29391,0
Indiana Dunes,2022,2834180,33499,0
Isle Royale,2002,19463,12908,40389
Isle Royale,2003,17800,12582,40069
Isle Royale,2004,17276,12128,36706
Isle Royale,2005,17398,13449,36889
Isle Royale,2006,17070,13383,35439
Isle Royale,2007,15973,12594,35400
Isle Royale,2008,14038,11555,32289
Isle Royale,2009,14653,10826,28864
Isle Royale,2010,15793,12222,34116
Isle Royale,2011,15892,11633,34221
Isle Royale,2012,16663,12010,33808
Isle Royale,2013,16274,11816,32343
Isle Royale,2014,14560,13435,29662
Isle Royale,2015,18684,12497,30072
Isle Royale,2016,24966,13459,22604
Isle Royale,2017,28196,15407,21693
Isle Royale,2018,25798,14953,24758
Isle Royale,2019,26410,17382,26899
Isle Royale,2020,6493,2086,8024
Isle Royale,2021,25844,14957,32128
Isle Royale,2022,25454,17537,27619
Joshua Tree,2002,1178376,223062,6919
Joshua Tree,2003,1283346,235565,5384
Joshua Tree,2004,1243659,181294,7407
Joshua Tree,2005,1375111,209908,5875
Joshua Tree,2006,1256421,189724,5497
Joshua Tree,2007,1298979,197060,4739
Joshua Tree,2008,1392446,166189,3865
Joshua Tree,2009,1304471,197277,5592
Joshua Tree,2010,1434976,208856,8041
Joshua Tree,2011,1396237,205072,8664
Joshua Tree,2012,1396117,225942,9983
Joshua Tree,2013,1383340,227814,9899
Joshua Tree,2014,1589904,254762,10604
Joshua Tree,2015,2025756,297136,14141
Joshua Tree,2016,2505286,298373,21195
Joshua Tree,2017,2853619,328519,19590
Joshua Tree,2018,2942382,295713,19437
Joshua Tree,2019,2988547,310492,18184
Joshua Tree,2020,2399542,233993,8915
Joshua Tree,2021,3064400,273938,14916
Joshua Tree,2022,3058294,308946,12591
Katmai,2002,59025,6355,21186
Katmai,2003,51589,5818,345
Katmai,2004,56787,6420,316
Katmai,2005,54274,7097,653
Katmai,2006,68630,6969,461
Katmai,2007,82634,5658,494
Katmai,2008,7970,1156,0
Katmai,2009,43035,4361,383
Katmai,2010,55172,6214,483
Katmai,2011,48939,7839,400
Katmai,2012,39818,7766,2754
Katmai,2013,28966,7097,483
Katmai,2014,30896,6114,483
Katmai,2015,37818,6314,483
Katmai,2016,37818,6314,483
Katmai,2017,37818,6314,483
Katmai,2018,37818,6314,483
Katmai,2019,84167,6828,458
Katmai,2020,51511,654,20298
Katmai,2021,24764,7162,3491
Katmai,2022,33908,10679,5391
Kenai Fjords,2002,251799,1084,2704
Kenai Fjords,2003,243719,198,2387
Kenai Fjords,2004,244232,1250,1840
Kenai Fjords,2005,258297,1718,1479
Kenai Fjords,2006,251630,1236,1637
Kenai Fjords,2007,284604,1460,195
Kenai Fjords,2008,272190,1478,194
Kenai Fjords,2009,218358,1146,953
Kenai Fjords,2010,297596,1284,1692
Kenai Fjords,2011,346852,1250,541
Kenai Fjords,2012,281279,986,514
Kenai Fjords,2013,283502,822,279
Kenai Fjords,2014,270666,1130,432
Kenai Fjords,2015,296697,1434,640
Kenai Fjords,2016,346534,1514,648
Kenai Fjords,2017,303598,1176,674
Kenai Fjords,2018,321596,1080,676
Kenai Fjords,2019,356601,1076,566
Kenai Fjords,2020,115882,0,122
Kenai Fjords,2021,411782,694,32
Kenai Fjords,2022,389943,556,70
Kings Canyon,2002,545420,138833,54484
Kings Canyon,2003,555987,140161,64369
Kings Canyon,2004,525035,122627,15002
Kings Canyon,2005,594893,138039,12793
Kings Canyon,2006,552766,122889,15697
Kings Canyon,2007,580129,142054,11760
Kings Canyon,2008,574870,150323,14180
Kings Canyon,2009,609296,150606,14309
Kings Canyon,2010,598205,162675,15203
Kings Canyon,2011,566810,152394,11186
Kings Canyon,2012,591033,139788,12121
Kings Canyon,2013,567544,150415,13303
Kings Canyon,2014,502268,158258,15603
Kings Canyon,2015,468106,145446,10765
Kings Canyon,2016,607479,193255,12046
Kings Canyon,2017,692932,217483,25645
Kings Canyon,2018,699023,213527,23876
Kings Canyon,2019,632110,193324,15650
Kings Canyon,2020,415077,33635,10831
Kings Canyon,2021,562918,200046,12297
Kings Canyon,2022,640986,181343,13798
Kobuk Valley,2002,4046,0,50
Kobuk Valley,2003,4006,0,35
Kobuk Valley,2004,4744,0,0
Kobuk Valley,2005,5037,0,148
Kobuk Valley,2006,3005,0,509
Kobuk Valley,2007,847,0,292
Kobuk Valley,2008,1565,0,334
Kobuk Valley,2009,1879,0,818
Kobuk Valley,2010,3164,0,503
Kobuk Valley,2011,11485,0,4896
Kobuk Valley,2012,29550,0,8400
Kobuk Valley,2013,16875,0,5925
Kobuk Valley,2014,0,0,0
Kobuk Valley,2015,0,0,0
Kobuk Valley,2016,15500,0,7050
Kobuk Valley,2017,15500,0,7050
Kobuk Valley,2018,14937,0,7050
Kobuk Valley,2019,15766,0,7050
Kobuk Valley,2020,11185,0,4888
Kobuk Valley,2021,11540,0,5164
Kobuk Valley,2022,16925,0,7350
Lake Clark,2002,4325,0,2350
Lake Clark,2003,4505,0,1970
Lake Clark,2004,4906,0,2000
Lake Clark,2005,5408,0,1960
Lake Clark,2006,5320,0,1665
Lake Clark,2007,5549,0,1477
Lake Clark,2008,6802,0,2346
Lake Clark,2009,9711,0,3321
Lake Clark,2010,9931,0,5149
Lake Clark,2011,5158,0,1931
Lake Clark,2012,11639,0,3237
Lake Clark,2013,13000,0,2376
Lake Clark,2014,16100,0,2174
Lake Clark,2015,17818,0,2166
Lake Clark,2016,21102,0,6486
Lake Clark,2017,22755,0,7198
Lake Clark,2018,14479,0,7198
Lake Clark,2019,17157,0,686
Lake Clark,2020,4948,0,3048
Lake Clark,2021,18278,0,6054
Lake Clark,2022,18187,0,5421
Lassen Volcanic,2002,388149,72854,8786
Lassen Volcanic,2003,404384,69490,6139
Lassen Volcanic,2004,379667,69763,5434
Lassen Volcanic,2005,365535,63478,5485
Lassen Volcanic,2006,388741,62002,5083
Lassen Volcanic,2007,395057,63857,5413
Lassen Volcanic,2008,377361,63507,5733
Lassen Volcanic,2009,365639,81650,5798
Lassen Volcanic,2010,384570,84632,6006
Lassen Volcanic,2011,351269,74644,6104
Lassen Volcanic,2012,407653,74678,4173
Lassen Volcanic,2013,427409,85174,5905
Lassen Volcanic,2014,432977,89292,5898
Lassen Volcanic,2015,468092,108425,9170
Lassen Volcanic,2016,536068,93557,9057
Lassen Volcanic,2017,507256,92077,6724
Lassen Volcanic,2018,499435,91290,7320
Lassen Volcanic,2019,517039,94413,6685
Lassen Volcanic,2020,542274,108953,5187
Lassen Volcanic,2021,359635,64679,3034
Lassen Volcanic,2022,446291,89781,903
Mammoth Cave,2002,1891307,76656,5125
Mammoth Cave,2003,1869137,70109,6085
Mammoth Cave,2004,1888267,70640,6024
Mammoth Cave,2005,1878006,63762,5492
Mammoth Cave,2006,597934,58768,6329
Mammoth Cave,2007,487305,77262,6297
Mammoth Cave,2008,446174,71611,5236
Mammoth Cave,2009,503856,81070,5737
Mammoth Cave,2010,497225,75707,4981
Mammoth Cave,2011,483319,68669,5114
Mammoth Cave,2012,508054,73846,5348
Mammoth Cave,2013,494541,69139,5669
Mammoth Cave,2014,522628,76622,4744
Mammoth Cave,2015,566895,75388,5036
Mammoth Cave,2016,586514,72249,5088
Mammoth Cave,2017,587853,69523,3753
Mammoth Cave,2018,533206,65995,7861
Mammoth Cave,2019,551590,75696,3182
Mammoth Cave,2020,290392,35882,3090
Mammoth Cave,2021,515774,73594,4518
Mammoth Cave,2022,663147,77238,4802
Mesa Verde,2002,406385,71869,0
Mesa Verde,2003,438590,78932,0
Mesa Verde,2004,446811,85924,0
Mesa Verde,2005,498333,78517,0
Mesa Verde,2006,557248,88374,0
Mesa Verde,2007,541102,82866,0
Mesa Verde,2008,551446,91212,0
Mesa Verde,2009,550377,89218,0
Mesa Verde,2010,559712,95101,0
Mesa Verde,2011,572329,70673,0
Mesa Verde,2012,488860,63630,0
Mesa Verde,2013,460237,53918,0
Mesa Verde,2014,501563,70661,0
Mesa Verde,2015,547325,78178,0
Mesa Verde,2016,583527,83798,0
Mesa Verde,2017,613788,68509,0
Mesa Verde,2018,563420,79554,0
Mesa Verde,2019,556203,81220,0
Mesa Verde,2020,287477,32193,0
Mesa Verde,2021,548477,65634,0
Mesa Verde,2022,499790,70528,0
Mount Rainier,2002,1310390,134884,49955
Mount Rainier,2003,1262351,135341,64110
Mount Rainier,2004,1217750,124221,63777
Mount Rainier,2005,1173897,128044,43759
Mount Rainier,2006,1113601,98241,29517
Mount Rainier,2007,1047685,72636,24523
Mount Rainier,2008,1163227,109116,39576
Mount Rainier,2009,1151654,120729,43083
Mount Rainier,2010,1191754,124493,40731
Mount Rainier,2011,1038229,115031,39907
Mount Rainier,2012,1049178,124695,45565
Mount Rainier,2013,1148552,122170,45975
Mount Rainier,2014,1264259,129531,48679
Mount Rainier,2015,1237231,136170,44296
Mount Rainier,2016,1356913,135469,57636
Mount Rainier,2017,1415867,133919,55333
Mount Rainier,2018,1518491,136811,64294
Mount Rainier,2019,1501621,149004,47703
Mount Rainier,2020,1160754,57986,30983
Mount Rainier,2021,1670063,107840,58365
Mount Rainier,2022,1622395,125429,43468
National Park of American Samoa,2002,1938,0,0
National Park of American Samoa,2003,0,0,0
National Park of American Samoa,2006,1239,0,0
National Park of American Samoa,2007,6774,0,0
National Park of American Samoa,2008,3683,0,0
National Park of American Samoa,2009,3242,0,0
National Park of American Samoa,2010,3006,0,0
National Park of American Samoa,2011,8716,0,0
National Park of American Samoa,2012,10440,0,0
National Park of American Samoa,2013,17919,0,0
National Park of American Samoa,2014,13953,0,0
National Park of American Samoa,2015,13892,0,0
National Park of American Samoa,2016,28892,0,0
National Park of American Samoa,2017,69468,0,0
National Park of American Samoa,2018,28626,0,0
National Park of American Samoa,2019,60006,0,0
National Park of American Samoa,2020,4819,0,0
National Park of American Samoa,2021,8495,0,0
National Park of American Samoa,2022,1887,0,0
New River Gorge,2002,1215875,19562,0
New River Gorge,2003,1111164,10419,0
New River Gorge,2004,1151782,11053,0
New River Gorge,2005,1045814,9617,0
New River Gorge,2006,1124688,10560,0
New River Gorge,2007,1178012,10713,0
New River Gorge,2008,1212854,10454,0
New River Gorge,2009,1144318,10996,0
New River Gorge,2010,1151213,10008,0
New River Gorge,2011,1071088,8861,0
New River Gorge,2012,1128195,8932,0
New River Gorge,2013,1071823,9550,0
New River Gorge,2014,1124799,7721,0
New River Gorge,2015,1178753,5628,0
New River Gorge,2016,1197931,5491,0
New River Gorge,2017,1168658,5727,0
New River Gorge,2018,1232627,5871,0
New River Gorge,2019,1195721,6106,0
New River Gorge,2020,1054374,1065,0
New River Gorge,2021,1682720,26764,12609
New River Gorge,2022,1593523,26024,12530
North Cascades,2002,20691,0,17414
North Cascades,2003,20724,0,17753
North Cascades,2004,16912,0,15311
North Cascades,2005,18686,0,15537
North Cascades,2006,19167,0,15965
North Cascades,2007,19534,0,15836
North Cascades,2008,18725,0,15233
North Cascades,2009,26972,0,14558
North Cascades,2010,24659,0,17801
North Cascades,2011,19208,0,17002
North Cascades,2012,26935,0,19360
North Cascades,2013,21623,0,20295
North Cascades,2014,23865,0,21547
North Cascades,2015,20677,0,23721
North Cascades,2016,28646,0,25516
North Cascades,2017,30326,0,26081
North Cascades,2018,30085,0,26703
North Cascades,2019,38208,0,27581
North Cascades,2020,30885,0,22966
North Cascades,2021,17855,0,14020
North Cascades,2022,30154,0,23310
Olympic,2002,3691310,298349,117434
Olympic,2003,3225327,280744,105407
Olympic,2004,3073722,263763,75005
Olympic,2005,3142774,258546,80520
Olympic,2006,2749197,262126,76323
Olympic,2007,2988686,256791,70802
Olympic,2008,3081451,227236,67893
Olympic,2009,3276459,259636,82085
Olympic,2010,2844563,231539,68546
Olympic,2011,2966502,240413,57162
Olympic,2012,2824908,223378,55776
Olympic,2013,3085340,238159,54369
Olympic,2014,3243872,305317,69731
Olympic,2015,3263761,281597,88587
Olympic,2016,3390221,296083,100347
Olympic,2017,3401996,340723,122678
Olympic,2018,3104455,322808,128134
Olympic,2019,3245806,313135,96864
Olympic,2020,2499177,256010,103682
Olympic,2021,2718925,325257,138140
Olympic,2022,2432972,321938,133751
Petrified Forest,2002,571586,0,357
Petrified Forest,2003,586245,0,308
Petrified Forest,2004,580000,0,1213
Petrified Forest,2005,598378,0,272
Petrified Forest,2006,581681,0,142
Petrified Forest,2007,563590,0,198
Petrified Forest,2008,543714,0,174
Petrified Forest,2009,631613,0,276
Petrified Forest,2010,664725,0,300
Petrified Forest,2011,614054,0,252
Petrified Forest,2012,664857,0,257
Petrified Forest,2013,644648,0,264
Petrified Forest,2014,836799,0,252
Petrified Forest,2015,793225,0,437
Petrified Forest,2016,643274,0,486
Petrified Forest,2017,627757,0,1401
Petrified Forest,2018,644922,0,1166
Petrified Forest,2019,643588,0,1451
Petrified Forest,2020,384483,0,209
Petrified Forest,2021,590334,0,624
Petrified Forest,2022,505209,0,789
Pinnacles,2002,162266,0,0
Pinnacles,2003,162791,0,0
Pinnacles,2004,157397,0,0
Pinnacles,2005,170994,0,0
Pinnacles,2006,158824,13976,0
Pinnacles,2007,161019,17570,0
Pinnacles,2008,166988,20209,0
Pinnacles,2009,171112,9524,0
Pinnacles,2010,246575,10360,0
Pinnacles,2011,393219,0,0
Pinnacles,2012,224476,0,0
Pinnacles,2013,237677,0,0
Pinnacles,2014,196635,0,0
Pinnacles,2015,206533,0,0
Pinnacles,2016,215555,0,0
Pinnacles,2017,233334,0,0
Pinnacles,2018,222152,0,0
Pinnacles,2019,177224,0,0
Pinnacles,2020,165740,26118,0
Pinnacles,2021,348857,33293,0
Pinnacles,2022,275023,31930,0
Redwood,2002,404789,31984,1640
Redwood,2003,408126,30809,1095
Redwood,2004,392029,6291,1392
Redwood,2005,394144,5819,1031
Redwood,2006,383780,6161,1109
Redwood,2007,385171,6624,1005
Redwood,2008,396899,7643,1384
Redwood,2009,444426,7246,1338
Redwood,2010,418820,1920,903
Redwood,2011,380167,1294,1330
Redwood,2012,352517,1362,1255
Redwood,2013,393364,3567,3096
Redwood,2014,429166,3676,3829
Redwood,2015,527143,4554,4394
Redwood,2016,536297,4979,4681
Redwood,2017,445000,3363,4769
Redwood,2018,482536,3711,4035
Redwood,2019,504722,2721,3276
Redwood,2020,265177,1706,4931
Redwood,2021,435879,3940,12271
Redwood,2022,458400,4747,12582
Rocky Mountain,2002,2988475,160752,39178
Rocky Mountain,2003,3067256,171279,36012
Rocky Mountain,2004,2781899,153855,23928
Rocky Mountain,2005,2798368,157821,33745
Rocky Mountain,2006,2743676,158358,35227
Rocky Mountain,2007,2895383,163104,36078
Rocky Mountain,2008,2757390,142992,47701
Rocky Mountain,2009,2822325,129882,31912
Rocky Mountain,2010,2955821,134868,33405
Rocky Mountain,2011,3176941,154281,31216
Rocky Mountain,2012,3229617,124158,29558
Rocky Mountain,2013,2991141,115254,29870
Rocky Mountain,2014,3434751,163005,34321
Rocky Mountain,2015,4155916,185181,46301
Rocky Mountain,2016,4517585,178302,45223
Rocky Mountain,2017,4437215,181806,45194
Rocky Mountain,2018,4590493,188940,46840
Rocky Mountain,2019,4670053,177600,41213
Rocky Mountain,2020,3305199,68367,41522
Rocky Mountain,2021,4434848,88068,39384
Rocky Mountain,2022,4300424,165912,34645
Saguaro,2002,615045,0,1424
Saguaro,2003,643697,0,1208
Saguaro,2004,651464,0,2203
Saguaro,2005,727208,0,1447
Saguaro,2006,619983,0,1552
Saguaro,2007,658477,0,1295
Saguaro,2008,699137,0,1599
Saguaro,2009,665234,0,1599
Saguaro,2010,717614,0,1568
Saguaro,2011,610045,0,2033
Saguaro,2012,634286,0,1545
Saguaro,2013,678261,0,1610
Saguaro,2014,673572,0,1377
Saguaro,2015,753446,0,1846
Saguaro,2016,820426,0,1868
Saguaro,2017,964760,0,2339
Saguaro,2018,957405,0,2058
Saguaro,2019,1020226,0,2185
Saguaro,2020,762226,0,3461
Saguaro,2021,1079786,0,4015
Saguaro,2022,908194,0,3706
Sequoia,2002,920292,181791,59577
Sequoia,2003,979297,197848,75687
Sequoia,2004,1000177,208277,24815
Sequoia,2005,1004843,207728,18118
Sequoia,2006,954507,184316,21659
Sequoia,2007,979537,198046,20644
Sequoia,2008,930011,197649,23681
Sequoia,2009,965170,216363,36238
Sequoia,2010,1002979,220471,21594
Sequoia,2011,1006583,200429,22210
Sequoia,2012,1106584,200724,21969
Sequoia,2013,909274,195898,26631
Sequoia,2014,1039137,235743,29013
Sequoia,2015,1097464,246008,32436
Sequoia,2016,1254688,283386,36247
Sequoia,2017,1291256,263996,36660
Sequoia,2018,1229594,295579,37881
Sequoia,2019,1246053,271383,29871
Sequoia,2020,796086,72560,20943
Sequoia,2021,1059548,154291,33155
Sequoia,2022,1153198,193011,31562
Shenandoah,2002,1389244,248049,37895
Shenandoah,2003,1163950,219937,34572
Shenandoah,2004,1261000,239988,35814
Shenandoah,2005,1094912,237882,41239
Shenandoah,2006,1076150,218830,33284
Shenandoah,2007,1107227,255100,33668
Shenandoah,2008,1075878,256759,37615
Shenandoah,2009,1120981,254117,39083
Shenandoah,2010,1253386,263553,38147
Shenandoah,2011,1209883,246317,36571
Shenandoah,2012,1210200,247109,42133
Shenandoah,2013,1136505,211323,41419
Shenandoah,2014,1255321,235844,40644
Shenandoah,2015,1321873,270199,43348
Shenandoah,2016,1437341,282387,48825
Shenandoah,2017,1458874,273695,59763
Shenandoah,2018,1264880,271302,39980
Shenandoah,2019,1425507,274864,32391
Shenandoah,2020,1666265,183755,52905
Shenandoah,2021,1592312,264816,68824
Shenandoah,2022,1449300,221719,67738
Theodore Roosevelt,2002,471551,22954,1072
Theodore Roosevelt,2003,490295,23089,1185
Theodore Roosevelt,2004,474589,21292,750
Theodore Roosevelt,2005,493198,21940,634
Theodore Roosevelt,2006,435359,18454,1110
Theodore Roosevelt,2007,456588,18999,480
Theodore Roosevelt,2008,516804,18358,593
Theodore Roosevelt,2009,586928,24861,798
Theodore Roosevelt,2010,623748,26134,732
Theodore Roosevelt,2011,563407,20171,768
Theodore Roosevelt,2012,640555,25232,891
Theodore Roosevelt,2013,545090,27236,841
Theodore Roosevelt,2014,559580,26777,849
Theodore Roosevelt,2015,580033,28978,529
Theodore Roosevelt,2016,753880,32565,232
Theodore Roosevelt,2017,708003,32473,587
Theodore Roosevelt,2018,749389,32942,614
Theodore Roosevelt,2019,691658,37386,735
Theodore Roosevelt,2020,551303,732,2591
Theodore Roosevelt,2021,796085,37838,1054
Theodore Roosevelt,2022,668679,35762,658
Virgin Islands,2002,693494,72116,0
Virgin Islands,2003,821681,45523,0
Virgin Islands,2004,793590,42122,0
Virgin Islands,2005,803040,42504,0
Virgin Islands,2006,677289,53419,0
Virgin Islands,2007,571382,40208,0
Virgin Islands,2008,469034,43873,0
Virgin Islands,2009,415847,38892,0
Virgin Islands,2010,493477,37492,0
Virgin Islands,2011,442414,33877,0
Virgin Islands,2012,483341,30624,0
Virgin Islands,2013,438601,28278,0
Virgin Islands,2014,426930,32857,0
Virgin Islands,2015,438372,30851,0
Virgin Islands,2016,411343,30056,0
Virgin Islands,2017,304408,7205,0
Virgin Islands,2018,112287,0,0
Virgin Islands,2019,133398,0,0
Virgin Islands,2020,167540,0,0
Virgin Islands,2021,323999,0,0
Virgin Islands,2022,196752,3190,0
Voyageurs,2002,238227,1269,17740
Voyageurs,2003,234231,1238,17657
Voyageurs,2004,249041,4307,18069
Voyageurs,2005,234577,3373,18955
Voyageurs,2006,231875,4202,19023
Voyageurs,2007,220650,3579,18257
Voyageurs,2008,221585,4193,18626
Voyageurs,2009,222429,3888,17776
Voyageurs,2010,253891,3674,35560
Voyageurs,2011,177184,4434,21915
Voyageurs,2012,214841,4065,28837
Voyageurs,2013,233390,3617,21807
Voyageurs,2014,239160,3264,31941
Voyageurs,2015,238313,3233,50462
Voyageurs,2016,241912,3983,46451
Voyageurs,2017,237250,3822,53539
Voyageurs,2018,239656,3728,59499
Voyageurs,2019,232974,3727,45262
Voyageurs,2020,263091,2090,67277
Voyageurs,2021,243042,3714,74000
Voyageurs,2022,221434,2891,43566
White Sands,2002,498964,0,1894
White Sands,2003,492008,0,2049
White Sands,2004,448185,0,1745
White Sands,2005,450447,0,1662
White Sands,2006,440927,0,1048
White Sands,2007,437042,0,950
White Sands,2008,438511,0,1330
White Sands,2009,471167,0,1751
White Sands,2010,470921,0,1811
White Sands,2011,428924,0,2185
White Sands,2012,447385,0,2272
White Sands,2013,490544,0,2284
White Sands,2014,503660,0,2087
White Sands,2015,497506,0,3516
White Sands,2016,555793,0,4331
White Sands,2017,612468,0,5259
White Sands,2018,603008,0,4125
White Sands,2019,608785,0,4243
White Sands,2020,415383,0,808
White Sands,2021,782469,0,0
White Sands,2022,705127,0,0
Wind Cave,2002,810298,8557,347
Wind Cave,2003,874167,8626,185
Wind Cave,2004,593877,7050,230
Wind Cave,2005,612478,5870,176
Wind Cave,2006,591049,5098,181
Wind Cave,2007,603158,5771,168
Wind Cave,2008,573433,6317,100
Wind Cave,2009,587868,1940,163
Wind Cave,2010,577141,2967,296
Wind Cave,2011,538394,2805,249
Wind Cave,2012,529083,6359,226
Wind Cave,2013,516142,10478,219
Wind Cave,2014,547022,8528,220
Wind Cave,2015,612198,6224,179
Wind Cave,2016,617377,8494,493
Wind Cave,2017,619924,10867,452
Wind Cave,2018,656397,8497,437
Wind Cave,2019,615350,7347,369
Wind Cave,2020,448405,5313,403
Wind Cave,2021,709001,11237,473
Wind Cave,2022,607418,10393,435
Wrangell-St. Elias,2002,40352,0,0
Wrangell-St. Elias,2003,43311,0,0
Wrangell-St. Elias,2004,57221,0,0
Wrangell-St. Elias,2005,56224,0,0
Wrangell-St. Elias,2006,50336,0,0
Wrangell-St. Elias,2007,61085,0,0
Wrangell-St. Elias,2008,65693,0,0
Wrangell-St. Elias,2009,59966,0,0
Wrangell-St. Elias,2010,73170,0,0
Wrangell-St. Elias,2011,65225,0,0
Wrangell-St. Elias,2012,87158,0,0
Wrangell-St. Elias,2013,69984,0,0
Wrangell-St. Elias,2014,74722,0,0
Wrangell-St. Elias,2015,80366,0,0
Wrangell-St. Elias,2016,79047,0,0
Wrangell-St. Elias,2017,68292,0,0
Wrangell-St. Elias,2018,79450,0,0
Wrangell-St. Elias,2019,74518,0,0
Wrangell-St. Elias,2020,16655,0,0
Wrangell-St. Elias,2021,50189,0,580
Wrangell-St. Elias,2022,65236,0,195
Yellowstone,2002,2973677,1226081,43682
Yellowstone,2003,3019375,1190485,46087
Yellowstone,2004,2868317,1156198,38270
Yellowstone,2005,2835651,1144180,33974
Yellowstone,2006,2870295,1090653,37276
Yellowstone,2007,3151343,1235788,38040
Yellowstone,2008,3066580,1140654,39603
Yellowstone,2009,3295187,1222390,39736
Yellowstone,2010,3640185,1245383,45045
Yellowstone,2011,3394326,1228891,37292
Yellowstone,2012,3447729,1298002,40460
Yellowstone,2013,3188030,1281395,40623
Yellowstone,2014,3513484,1263497,41243
Yellowstone,2015,4097710,1311898,44898
Yellowstone,2016,4257177,1332925,44663
Yellowstone,2017,4116524,1390332,43378
Yellowstone,2018,4115000,1412335,41978
Yellowstone,2019,4020288,1289604,38236
Yellowstone,2020,3806306,594239,39364
Yellowstone,2021,4860242,967514,43355
Yellowstone,2022,3290242,961644,34758
Yosemite,2002,3361867,1551457,125027
Yosemite,2003,3378664,1566694,85674
Yosemite,2004,3280911,1506266,82259
Yosemite,2005,3304144,1470291,70803
Yosemite,2006,3242644,1455989,81305
Yosemite,2007,3503428,1479655,76576
Yosemite,2008,3431514,1522303,137330
Yosemite,2009,3737472,1508257,158233
Yosemite,2010,3901408,1554841,125136
Yosemite,2011,3951393,1497517,103420
Yosemite,2012,3853404,1530430,168783
Yosemite,2013,3691191,1426087,172353
Yosemite,2014,3882642,1479216,190339
Yosemite,2015,4150217,1811491,211966
Yosemite,2016,5028868,1610721,216989
Yosemite,2017,4336890,1577045,167507
Yosemite,2018,4009436,1268839,124577
Yosemite,2019,4422861,1363806,155578
Yosemite,2020,2268313,364872,143760
Yosemite,2021,3287595,887469,174839
Yosemite,2022,3667550,1214496,142457
Zion,2002,2592545,205181,28767
Zion,2003,2458792,229671,26368
Zion,2004,2677342,234494,23027
Zion,2005,2586665,236022,20603
Zion,2006,2567350,230518,29028
Zion,2007,2657281,240652,27446
Zion,2008,2690154,247484,35746
Zion,2009,2735402,244934,41933
Zion,2010,2665972,246858,36544
Zion,2011,2825505,252360,40344
Zion,2012,2973607,267565,48932
Zion,2013,2807387,264397,54336
Zion,2014,3189696,285846,23257
Zion,2015,3648846,290164,24655
Zion,2016,4295127,294626,28248
Zion,2017,4504812,297886,25470
Zion,2018,4320033,291596,22964
Zion,2019,4488268,279634,18320
Zion,2020,3591254,171939,4906
Zion,2021,5039835,284103,15071
Zion,2022,4692417,284141,10375